 369728.314831 ,  1
 369728.314886 ,  1
 369728.314896 ,  2
 369728.314899 ,  9
 369728.314959 ,  101
 369728.334149 ,  77
 369728.334266 ,  1
 369728.334274 ,  1
 369728.334278 ,  5
 369728.334282 ,  42
 369728.334304 ,  372
 369728.334384 ,  1
 369728.334388 ,  1
 369728.334394 ,  7
 369728.334398 ,  48
 369728.334441 ,  385
 369728.334503 ,  615
 369728.334782 ,  851
 369728.335616 ,  1
 369728.335623 ,  1
 369728.335627 ,  6
 369728.335631 ,  54
 369728.336245 ,  1
 369728.336256 ,  5
 369728.336618 ,  1
 369728.336766 ,  50
 369728.336766 ,  6
 369728.336833 ,  7
 369728.336842 ,  10
 369728.336866 ,  1
 369728.339080 ,  6
 369728.339093 ,  6
 369728.340271 ,  19
 369728.340291 ,  713
 369728.340816 ,  1
 369728.340820 ,  1
 369728.341004 ,  40
 369728.341013 ,  9
 369728.344732 ,  10
 369728.344769 ,  69
 369728.358288 ,  1
 369728.358295 ,  1
 369728.358299 ,  5
 369728.358302 ,  41
 369728.358323 ,  481
 369728.374736 ,  10
 369728.374753 ,  1
 369728.374753 ,  40
 369728.374789 ,  1
 369728.374795 ,  1
 369728.374796 ,  1
 369728.374800 ,  6
 369728.374812 ,  2
 369728.374815 ,  6
 369728.374820 ,  71
 369728.374879 ,  1
 369728.374900 ,  3
 369728.374903 ,  32
 369728.374972 ,  1
 369728.374977 ,  1
 369728.374988 ,  7
 369728.375008 ,  26
 369728.375093 ,  503
 369728.375144 ,  330
 369728.378685 ,  31
 369728.383131 ,  28
 369728.383853 ,  272
 369728.385769 ,  24
 369728.385994 ,  219
 369728.388872 ,  180
 369728.389977 ,  22
 369728.390999 ,  22
 369728.401147 ,  1
 369728.401150 ,  5
 369728.401155 ,  55
 369728.401374 ,  20
 369728.401375 ,  20
 369728.401397 ,  20
 369728.402728 ,  42
 369728.404562 ,  34
 369728.404568 ,  159
 369728.404956 ,  210
 369728.405956 ,  490
 369728.406225 ,  27
 369728.408536 ,  338
 369728.408771 ,  48
 369728.408947 ,  302
 369728.409318 ,  288
 369728.409594 ,  54
 369728.416650 ,  106
 369728.417464 ,  605
 369728.418682 ,  513
 369728.419230 ,  477
 369728.420020 ,  418
 369728.420567 ,  418
 369728.420999 ,  373
 369728.421417 ,  355
 369728.421750 ,  338
 369728.421847 ,  104
 369728.422440 ,  322
 369728.423228 ,  86
 369728.423789 ,  144
 369728.424431 ,  305
 369728.426344 ,  128
 369728.427654 ,  241
 369728.428390 ,  241
 369728.428892 ,  236
 369728.429572 ,  613
 369728.429904 ,  130
 369728.431044 ,  904
 369728.432543 ,  99
 369728.433345 ,  1046
 369728.434334 ,  969
 369728.435728 ,  64
 369728.437402 ,  632
 369728.437998 ,  580
 369728.438859 ,  510
 369728.439811 ,  460
 369728.441565 ,  75
 369728.443691 ,  324
 369728.444240 ,  302
 369728.446116 ,  285
 369728.450968 ,  763
 369728.452109 ,  650
 369728.452611 ,  609
 369728.453399 ,  363
 369728.453568 ,  509
 369728.455466 ,  60
 369728.455736 ,  404
 369728.456067 ,  389
 369728.456376 ,  378
 369728.456712 ,  370
 369728.459041 ,  348
 369728.459933 ,  319
 369728.460209 ,  317
 369728.460485 ,  314
 369728.460762 ,  312
 369728.464955 ,  3335
 369728.469579 ,  2337
 369728.471634 ,  81
 369728.477889 ,  1021
 369728.480150 ,  756
 369728.480719 ,  705
 369728.481771 ,  581
 369728.483348 ,  476
 369728.484038 ,  443
 369728.484354 ,  429
 369728.484674 ,  419
 369728.484977 ,  401
 369728.487110 ,  364
 369728.487642 ,  335
 369728.487899 ,  336
 369728.488160 ,  336
 369728.488384 ,  336
 369728.488595 ,  341
 369728.488829 ,  339
 369728.489082 ,  342
 369728.489426 ,  436
 369728.491124 ,  778
 369728.492867 ,  639
 369728.493817 ,  564
 369728.494295 ,  533
 369728.496062 ,  435
 369728.496446 ,  530
 369728.498226 ,  433
 369728.499295 ,  418
 369728.501202 ,  323
 369728.501933 ,  325
 369728.502634 ,  332
 369728.502858 ,  335
 369728.503131 ,  1316
 369728.506709 ,  1070
 369728.508836 ,  772
 369728.509689 ,  665
 369728.511071 ,  582
 369728.514002 ,  402
 369728.514321 ,  390
 369728.514872 ,  376
 369728.516958 ,  96
 369728.518664 ,  2940
 369728.525517 ,  1517
 369728.527478 ,  1228
 369728.530727 ,  793
 369728.532154 ,  654
 369728.532969 ,  568
 369728.533741 ,  519
 369728.533997 ,  507
 369728.534960 ,  891
 369728.536922 ,  118
 369728.537741 ,  619
 369728.538570 ,  542
 369728.538939 ,  519
 369728.540915 ,  662
 369728.541885 ,  560
 369728.542283 ,  663
 369728.543869 ,  548
 369728.545315 ,  461
 369728.546300 ,  529
 369728.546652 ,  514
 369728.547347 ,  477
 369728.550999 ,  148
 369728.552566 ,  850
 369728.553096 ,  741
 369728.554144 ,  755
 369728.554634 ,  709
 369728.556701 ,  542
 369728.557805 ,  1115
 369728.561024 ,  789
 369728.562403 ,  633
 369728.563922 ,  1215
 369728.568721 ,  610
 369728.569524 ,  593
 369728.569674 ,  109
 369728.570245 ,  544
 369728.570595 ,  528
 369728.571222 ,  496
 369728.572487 ,  445
 369728.573092 ,  411
 369728.573357 ,  404
 369728.578033 ,  112
 369728.578773 ,  2382
 369728.580048 ,  2129
 369728.588139 ,  787
 369728.588603 ,  739
 369728.590987 ,  528
 369728.592098 ,  517
 369728.592413 ,  504
 369728.592738 ,  492
 369728.593071 ,  472
 369728.594521 ,  431
 369728.595075 ,  393
 369728.597489 ,  1333
 369728.599599 ,  1042
 369728.600242 ,  956
 369728.602901 ,  657
 369728.603207 ,  107
 369728.604119 ,  565
 369728.606404 ,  438
 369728.607286 ,  409
 369728.610589 ,  891
 369728.610729 ,  104
 369728.611195 ,  823
 369728.612259 ,  714
 369728.613163 ,  602
 369728.614682 ,  570
 369728.615359 ,  531
 369728.615711 ,  514
 369728.615956 ,  497
 369728.618247 ,  409
 369728.618526 ,  409
 369728.618754 ,  405
 369728.619706 ,  110
 369728.619974 ,  540
 369728.620335 ,  517
 369728.620652 ,  498
 369728.620982 ,  475
 369728.623473 ,  852
 369728.624045 ,  793
 369728.627403 ,  577
 369728.628935 ,  508
 369728.629289 ,  480
 369728.630228 ,  439
 369728.630499 ,  433
 369728.631036 ,  665
 369728.632288 ,  577
 369728.634237 ,  545
 369728.635280 ,  492
 369728.635597 ,  471
 369728.636252 ,  449
 369728.636739 ,  1437
 369728.638479 ,  1306
 369728.642174 ,  933
 369728.644842 ,  643
 369728.648301 ,  424
 369728.648826 ,  145
 369728.649709 ,  327
 369728.651229 ,  621
 369728.651887 ,  568
 369728.654105 ,  422
 369728.654603 ,  387
 369728.659043 ,  1797
 369728.661256 ,  1433
 369728.668036 ,  752
 369728.669237 ,  584
 369728.669946 ,  542
 369728.670793 ,  111
 369728.671413 ,  98
 369728.672599 ,  403
 369728.673644 ,  341
 369728.676480 ,  547
 369728.677053 ,  472
 369728.678881 ,  469
 369728.679520 ,  424
 369728.680112 ,  393
 369728.680939 ,  331
 369728.681365 ,  380
 369728.681816 ,  370
 369728.682252 ,  351
 369728.683046 ,  325
 369728.683981 ,  598
 369728.684531 ,  564
 369728.686764 ,  400
 369728.687181 ,  380
 369728.687545 ,  362
 369728.688784 ,  107
 369728.691810 ,  314
 369728.692112 ,  298
 369728.692717 ,  288
 369728.693013 ,  274
 369728.693462 ,  641
 369728.694060 ,  233
 369728.694891 ,  588
 369728.695912 ,  515
 369728.697762 ,  395
 369728.698259 ,  368
 369728.699323 ,  324
 369728.699790 ,  490
 369728.701544 ,  374
 369728.703197 ,  373
 369728.703935 ,  337
 369728.704256 ,  326
 369728.704934 ,  689
 369728.708324 ,  2395
 369728.713423 ,  159
 369728.716919 ,  1067
 369728.718301 ,  962
 369728.719068 ,  865
 369728.722221 ,  591
 369728.723287 ,  507
 369728.725206 ,  368
 369728.726868 ,  328
 369728.728981 ,  327
 369728.729466 ,  308
 369728.730208 ,  279
 369728.731832 ,  280
 369728.732963 ,  249
 369728.733563 ,  231
 369728.733874 ,  99
 369728.736370 ,  320
 369728.740593 ,  111
 369728.742286 ,  1953
 369728.743914 ,  238
 369728.746463 ,  1378
 369728.752243 ,  806
 369728.753817 ,  609
 369728.755923 ,  475
 369728.757491 ,  369
 369728.758022 ,  343
 369728.758456 ,  322
 369728.759246 ,  307
 369728.760700 ,  282
 369728.761072 ,  255
 369728.761383 ,  246
 369728.766219 ,  480
 369728.766716 ,  1322
 369728.768216 ,  1179
 369728.773359 ,  589
 369728.774192 ,  531
 369728.776214 ,  411
 369728.776680 ,  393
 369728.777281 ,  108
 369728.777998 ,  321
 369728.778463 ,  306
 369728.778852 ,  290
 369728.779147 ,  278
 369728.779850 ,  305
 369728.780250 ,  304
 369728.781488 ,  262
 369728.782316 ,  812
 369728.786548 ,  487
 369728.787284 ,  437
 369728.788236 ,  393
 369728.788844 ,  355
 369728.789358 ,  330
 369728.789776 ,  310
 369728.789996 ,  174
 369728.790272 ,  296
 369728.792256 ,  458
 369728.792350 ,  158
 369728.792942 ,  383
 369728.794653 ,  353
 369728.795048 ,  330
 369728.795415 ,  316
 369728.796308 ,  713
 369728.799012 ,  500
 369728.799633 ,  464
 369728.800335 ,  431
 369728.800825 ,  110
 369728.800934 ,  376
 369728.801393 ,  350
 369728.801813 ,  331
 369728.802544 ,  308
 369728.802935 ,  294
 369728.803270 ,  148
 369728.803584 ,  274
 369728.804846 ,  304
 369728.805553 ,  281
 369728.806589 ,  242
 369728.806951 ,  158
 369728.808715 ,  873
 369728.810090 ,  663
 369728.810914 ,  611
 369728.812495 ,  112
 369728.812513 ,  510
 369728.813215 ,  440
 369728.814271 ,  381
 369728.814749 ,  357
 369728.815128 ,  337
 369728.815717 ,  321
 369728.816592 ,  314
 369728.817099 ,  276
 369728.817805 ,  251
 369728.818098 ,  244
 369728.818452 ,  241
 369728.819639 ,  461
 369728.820274 ,  429
 369728.820292 ,  141
 369728.820722 ,  398
 369728.821294 ,  385
 369728.821751 ,  367
 369728.822158 ,  347
 369728.823900 ,  293
 369728.824801 ,  118
 369728.825916 ,  519
 369728.829040 ,  339
 369728.831152 ,  469
 369728.831715 ,  435
 369728.832182 ,  406
 369728.833005 ,  361
 369728.833494 ,  339
 369728.833821 ,  320
 369728.834221 ,  312
 369728.834667 ,  299
 369728.835371 ,  275
 369728.836386 ,  648
 369728.837208 ,  578
 369728.840469 ,  404
 369728.840950 ,  357
 369728.842674 ,  655
 369728.843893 ,  553
 369728.845132 ,  449
 369728.847206 ,  339
 369728.848508 ,  327
 369728.848860 ,  306
 369728.850359 ,  288
 369728.850838 ,  263
 369728.851227 ,  249
 369728.852534 ,  481
 369728.853655 ,  432
 369728.854230 ,  404
 369728.855078 ,  392
 369728.855583 ,  375
 369728.856034 ,  353
 369728.857386 ,  294
 369728.858065 ,  274
 369728.858725 ,  343
 369728.859194 ,  334
 369728.859604 ,  316
 369728.859971 ,  302
 369728.860283 ,  291
 369728.860721 ,  288
 369728.861346 ,  289
 369728.862074 ,  269
 369728.862440 ,  248
 369728.864962 ,  506
 369728.865507 ,  465
 369728.865957 ,  206
 369728.866386 ,  430
 369728.866947 ,  400
 369728.867459 ,  374
 369728.869299 ,  285
 369728.869843 ,  359
 369728.870331 ,  377
 369728.871461 ,  170
 369728.871604 ,  323
 369728.872870 ,  337
 369728.873356 ,  308
 369728.874558 ,  265
 369728.876905 ,  453
 369728.877787 ,  476
 369728.878908 ,  419
 369728.880435 ,  340
 369728.882071 ,  501
 369728.882625 ,  461
 369728.883303 ,  419
 369728.884277 ,  406
 369728.884920 ,  348
 369728.885322 ,  323
 369728.887032 ,  292
 369728.887419 ,  280
 369728.887753 ,  269
 369728.888045 ,  262
 369728.890470 ,  610
 369728.893805 ,  370
 369728.895227 ,  368
 369728.895792 ,  335
 369728.896245 ,  313
 369728.896608 ,  297
 369728.898542 ,  791
 369728.900002 ,  656
 369728.900734 ,  607
 369728.902938 ,  436
 369728.904899 ,  320
 369728.905277 ,  307
 369728.906081 ,  341
 369728.906826 ,  315
 369728.908832 ,  739
 369728.909873 ,  715
 369728.911374 ,  593
 369728.912019 ,  548
 369728.914017 ,  402
 369728.915547 ,  331
 369728.918735 ,  256
 369728.919604 ,  240
 369728.919897 ,  240
 369728.922506 ,  875
 369728.923738 ,  108
 369728.924521 ,  736
 369728.925415 ,  615
 369728.929739 ,  373
 369728.931435 ,  329
 369728.932281 ,  311
 369728.932673 ,  297
 369728.932814 ,  370
 369728.933025 ,  275
 369728.933565 ,  1062
 369728.936102 ,  928
 369728.937330 ,  210
 369728.942638 ,  772
 369728.943649 ,  737
 369728.945110 ,  101
 369728.945770 ,  522
 369728.946589 ,  487
 369728.947761 ,  414
 369728.947789 ,  93
 369728.949401 ,  330
 369728.949805 ,  311
 369728.950886 ,  1113
 369728.952739 ,  1030
 369728.957722 ,  528
 369728.958812 ,  477
 369728.959653 ,  432
 369728.960762 ,  365
 369728.961560 ,  322
 369728.962211 ,  296
 369728.964473 ,  248
 369728.965091 ,  213
 369728.965867 ,  189
 369728.966451 ,  180
 369728.966725 ,  180
 369728.966784 ,  144
 369728.968293 ,  575
 369728.973413 ,  275
 369728.973922 ,  256
 369728.979114 ,  315
 369728.980089 ,  273
 369728.982368 ,  733
 369728.985878 ,  486
 369728.989041 ,  316
 369728.989555 ,  292
 369728.990072 ,  265
 369728.993123 ,  209
 369728.993490 ,  200
 369728.994025 ,  1261
 369728.999366 ,  849
 369729.001425 ,  640
 369729.003764 ,  527
 369729.007058 ,  354
 369729.007580 ,  329
 369729.010149 ,  241
 369729.010584 ,  228
 369729.010887 ,  217
 369729.011788 ,  207
 369729.012302 ,  229
 369729.013033 ,  206
 369729.013358 ,  201
 369729.013602 ,  196
 369729.016850 ,  590
 369729.018081 ,  499
 369729.018889 ,  462
 369729.020016 ,  389
 369729.020385 ,  148
 369729.022012 ,  297
 369729.022473 ,  280
 369729.022906 ,  265
 369729.023569 ,  244
 369729.024326 ,  228
 369729.026284 ,  457
 369729.029298 ,  319
 369729.030195 ,  295
 369729.033662 ,  215
 369729.034228 ,  213
 369729.035356 ,  221
 369729.035897 ,  207
 369729.036443 ,  209
 369729.036979 ,  273
 369729.038391 ,  252
 369729.039047 ,  230
 369729.042085 ,  512
 369729.042750 ,  480
 369729.043263 ,  444
 369729.043856 ,  417
 369729.044804 ,  165
 369729.045056 ,  341
 369729.046265 ,  295
 369729.047276 ,  264
 369729.048212 ,  321
 369729.048809 ,  150
 369729.048968 ,  285
 369729.049434 ,  262
 369729.057616 ,  303
 369729.057928 ,  291
 369729.059558 ,  274
 369729.060523 ,  246
 369729.060802 ,  241
 369729.065109 ,  541
 369729.065768 ,  493
 369729.068524 ,  345
 369729.068824 ,  220
 369729.070046 ,  291
 369729.070441 ,  273
 369729.072582 ,  249
 369729.072992 ,  237
 369729.073871 ,  2308
 369729.076424 ,  2145
 369729.078678 ,  1699
 369729.082446 ,  1197
 369729.087144 ,  717
 369729.088049 ,  655
 369729.091694 ,  399
 369729.092161 ,  372
 369729.092269 ,  352
 369729.093624 ,  342
 369729.094271 ,  321
 369729.094961 ,  302
 369729.096396 ,  264
 369729.096710 ,  260
 369729.096979 ,  252
 369729.097427 ,  257
 369729.097867 ,  259
 369729.098190 ,  246
 369729.098699 ,  242
 369729.099174 ,  254
 369729.099703 ,  547
 369729.100785 ,  512
 369729.101469 ,  432
 369729.101958 ,  399
 369729.103230 ,  417
 369729.104919 ,  330
 369729.106215 ,  283
 369729.106621 ,  268
 369729.107224 ,  251
 369729.107812 ,  467
 369729.111480 ,  533
 369729.113577 ,  375
 369729.115179 ,  304
 369729.115477 ,  296
 369729.115786 ,  291
 369729.116129 ,  285
 369729.117247 ,  250
 369729.117825 ,  241
 369729.118203 ,  240
 369729.119060 ,  224
 369729.119286 ,  224
 369729.119558 ,  227
 369729.119709 ,  262
 369729.122842 ,  619
 369729.123640 ,  602
 369729.125352 ,  452
 369729.126162 ,  116
 369729.126890 ,  370
 369729.127548 ,  335
 369729.131041 ,  267
 369729.131394 ,  250
 369729.131668 ,  242
 369729.132990 ,  231
 369729.133269 ,  200
 369729.133755 ,  196
 369729.134849 ,  838
 369729.135927 ,  760
 369729.137509 ,  576
 369729.138348 ,  531
 369729.138922 ,  486
 369729.141449 ,  345
 369729.141849 ,  329
 369729.142322 ,  327
 369729.142536 ,  165
 369729.142761 ,  324
 369729.143210 ,  308
 369729.144214 ,  275
 369729.145154 ,  255
 369729.145478 ,  250
 369729.145814 ,  244
 369729.146207 ,  237
 369729.146478 ,  227
 369729.147772 ,  583
 369729.148492 ,  561
 369729.151365 ,  372
 369729.151824 ,  350
 369729.152653 ,  806
 369729.155763 ,  389
 369729.156147 ,  525
 369729.156734 ,  478
 369729.157983 ,  386
 369729.158509 ,  357
 369729.158901 ,  335
 369729.160320 ,  309
 369729.160786 ,  281
 369729.161498 ,  245
 369729.161999 ,  653
 369729.162810 ,  667
 369729.164798 ,  519
 369729.165553 ,  454
 369729.170054 ,  421
 369729.170604 ,  382
 369729.171215 ,  202
 369729.172093 ,  337
 369729.172605 ,  317
 369729.173024 ,  284
 369729.173676 ,  263
 369729.175184 ,  238
 369729.175238 ,  129
 369729.175528 ,  238
 369729.176355 ,  229
 369729.177346 ,  212
 369729.178036 ,  219
 369729.178523 ,  226
 369729.179222 ,  224
 369729.179940 ,  198
 369729.180180 ,  196
 369729.180871 ,  203
 369729.181322 ,  756
 369729.182357 ,  738
 369729.185638 ,  468
 369729.188565 ,  331
 369729.190541 ,  251
 369729.190859 ,  247
 369729.192701 ,  354
 369729.193649 ,  311
 369729.193994 ,  297
 369729.195152 ,  273
 369729.195777 ,  253
 369729.196244 ,  245
 369729.196634 ,  257
 369729.196976 ,  243
 369729.197468 ,  236
 369729.198415 ,  643
 369729.199707 ,  608
 369729.200459 ,  548
 369729.201258 ,  470
 369729.202380 ,  410
 369729.203650 ,  377
 369729.204636 ,  334
 369729.206682 ,  255
 369729.206730 ,  191
 369729.206984 ,  244
 369729.207299 ,  240
 369729.209016 ,  316
 369729.210521 ,  269
 369729.211682 ,  273
 369729.212468 ,  273
 369729.212780 ,  270
 369729.214261 ,  231
 369729.214562 ,  225
 369729.214849 ,  221
 369729.215123 ,  219
 369729.215936 ,  222
 369729.216489 ,  216
 369729.216770 ,  213
 369729.217022 ,  209
 369729.219294 ,  197
 369729.221638 ,  173
 369729.225444 ,  438
 369729.226772 ,  1163
 369729.228464 ,  361
 369729.228952 ,  938
 369729.231189 ,  721
 369729.235490 ,  412
 369729.238787 ,  264
 369729.242839 ,  436
 369729.243012 ,  165
 369729.243337 ,  405
 369729.248210 ,  1000
 369729.248879 ,  811
 369729.248949 ,  369
 369729.250091 ,  749
 369729.250773 ,  676
 369729.252309 ,  142
 369729.253209 ,  481
 369729.253719 ,  444
 369729.254875 ,  386
 369729.255353 ,  248
 369729.257687 ,  260
 369729.258016 ,  253
 369729.261321 ,  992
 369729.263750 ,  804
 369729.264794 ,  725
 369729.266999 ,  542
 369729.267649 ,  493
 369729.268243 ,  533
 369729.269587 ,  403
 369729.270165 ,  463
 369729.270290 ,  160
 369729.271196 ,  403
 369729.271835 ,  380
 369729.272914 ,  314
 369729.273542 ,  500
 369729.275938 ,  515
 369729.276916 ,  1
 369729.276920 ,  8
 369729.277340 ,  402
 369729.277976 ,  469
 369729.279832 ,  311
 369729.280231 ,  294
 369729.280719 ,  185
 369729.280838 ,  82
 369729.281658 ,  249
 369729.282070 ,  232
 369729.282480 ,  222
 369729.282827 ,  212
 369729.283884 ,  200
 369729.284222 ,  193
 369729.284806 ,  188
 369729.285372 ,  519
 369729.287968 ,  451
 369729.290808 ,  305
 369729.291818 ,  272
 369729.292315 ,  256
 369729.292850 ,  232
 369729.295044 ,  180
 369729.295338 ,  182
 369729.295522 ,  180
 369729.296557 ,  188
 369729.297955 ,  229
 369729.298241 ,  162
 369729.301796 ,  1609
 369729.303885 ,  221
 369729.304298 ,  1428
 369729.306266 ,  197
 369729.312099 ,  658
 369729.313214 ,  544
 369729.314721 ,  461
 369729.315410 ,  420
 369729.319546 ,  257
 369729.319972 ,  244
 369729.321308 ,  209
 369729.323312 ,  184
 369729.326920 ,  759
 369729.328001 ,  679
 369729.332215 ,  384
 369729.332720 ,  356
 369729.336629 ,  233
 369729.336919 ,  214
 369729.337614 ,  205
 369729.338047 ,  268
 369729.339666 ,  339
 369729.340104 ,  324
 369729.340471 ,  198
 369729.340527 ,  308
 369729.341141 ,  282
 369729.341561 ,  262
 369729.341882 ,  250
 369729.343210 ,  232
 369729.343793 ,  223
 369729.344032 ,  220
 369729.344422 ,  226
 369729.345278 ,  234
 369729.345388 ,  216
 369729.345766 ,  215
 369729.346450 ,  196
 369729.346975 ,  189
 369729.347224 ,  1593
 369729.349564 ,  1503
 369729.353169 ,  215
 369729.357688 ,  698
 369729.359242 ,  579
 369729.360830 ,  449
 369729.362566 ,  358
 369729.363545 ,  321
 369729.366169 ,  246
 369729.366889 ,  230
 369729.367168 ,  223
 369729.367931 ,  225
 369729.368923 ,  209
 369729.369312 ,  209
 369729.370266 ,  189
 369729.370516 ,  192
 369729.372952 ,  687
 369729.373242 ,  350
 369729.373477 ,  257
 369729.373908 ,  239
 369729.374631 ,  300
 369729.375303 ,  209
 369729.375375 ,  202
 369729.375560 ,  203
 369729.376655 ,  198
 369729.376659 ,  168
 369729.376834 ,  222
 369729.376995 ,  165
 369729.377145 ,  195
 369729.377391 ,  197
 369729.378219 ,  193
 369729.378246 ,  165
 369729.378539 ,  150
 369729.378716 ,  427
 369729.391095 ,  168
 369729.398960 ,  1532
 369729.404182 ,  175
 369729.409515 ,  495
 369729.410322 ,  451
 369729.410984 ,  413
 369729.412825 ,  169
 369729.414603 ,  264
 369729.415612 ,  226
 369729.415873 ,  231
 369729.416782 ,  328
 369729.417297 ,  293
 369729.417915 ,  278
 369729.419493 ,  240
 369729.419974 ,  229
 369729.420673 ,  208
 369729.421440 ,  280
 369729.422924 ,  231
 369729.424992 ,  186
 369729.425647 ,  210
 369729.425973 ,  208
 369729.426250 ,  203
 369729.426566 ,  202
 369729.428218 ,  189
 369729.428505 ,  190
 369729.429524 ,  182
 369729.429766 ,  178
 369729.430009 ,  179
 369729.430248 ,  180
 369729.432139 ,  415
 369729.435172 ,  296
 369729.435654 ,  302
 369729.438683 ,  218
 369729.438958 ,  214
 369729.441395 ,  198
 369729.441712 ,  193
 369729.442588 ,  248
 369729.443318 ,  231
 369729.444545 ,  104
 369729.444667 ,  212
 369729.445033 ,  224
 369729.445933 ,  212
 369729.446306 ,  276
 369729.447973 ,  242
 369729.448601 ,  220
 369729.450594 ,  197
 369729.451349 ,  1521
 369729.457868 ,  128
 369729.459683 ,  757
 369729.464178 ,  441
 369729.465309 ,  353
 369729.467220 ,  272
 369729.468548 ,  236
 369729.468888 ,  219
 369729.469466 ,  209
 369729.469895 ,  208
 369729.471375 ,  176
 369729.480497 ,  3142
 369729.496430 ,  950
 369729.499066 ,  689
 369729.502610 ,  429
 369729.503304 ,  396
 369729.503840 ,  366
 369729.504364 ,  343
 369729.506008 ,  268
 369729.506699 ,  241
 369729.508012 ,  235
 369729.508516 ,  216
 369729.508894 ,  197
 369729.509205 ,  190
 369729.510150 ,  534
 369729.511682 ,  485
 369729.512378 ,  448
 369729.514649 ,  311
 369729.515249 ,  297
 369729.515857 ,  529
 369729.516656 ,  253
 369729.521975 ,  343
 369729.522699 ,  321
 369729.523216 ,  296
 369729.524890 ,  234
 369729.525807 ,  218
 369729.526481 ,  223
 369729.527384 ,  480
 369729.528160 ,  433
 369729.529498 ,  355
 369729.530192 ,  328
 369729.531130 ,  286
 369729.531537 ,  272
 369729.532333 ,  253
 369729.533204 ,  219
 369729.533486 ,  211
 369729.537211 ,  735
 369729.538982 ,  598
 369729.541928 ,  398
 369729.543656 ,  688
 369729.545476 ,  534
 369729.547436 ,  440
 369729.548045 ,  485
 369729.549391 ,  388
 369729.550986 ,  316
 369729.551430 ,  122
 369729.552008 ,  121
 369729.552819 ,  250
 369729.553466 ,  231
 369729.554134 ,  90
 369729.555634 ,  664
 369729.556843 ,  501
 369729.557532 ,  148
 369729.557583 ,  503
 369729.559806 ,  377
 369729.560963 ,  312
 369729.561752 ,  277
 369729.562227 ,  269
 369729.562625 ,  254
 369729.564355 ,  238
 369729.566018 ,  534
 369729.566369 ,  1443
 369729.567022 ,  1169
 369729.570501 ,  855
 369729.576513 ,  419
 369729.577675 ,  337
 369729.578275 ,  315
 369729.578858 ,  293
 369729.580106 ,  247
 369729.581158 ,  224
 369729.581468 ,  213
 369729.581759 ,  209
 369729.582023 ,  207
 369729.582282 ,  222
 369729.585338 ,  236
 369729.585730 ,  228
 369729.586104 ,  219
 369729.586788 ,  202
 369729.587388 ,  199
 369729.587900 ,  196
 369729.588183 ,  196
 369729.589410 ,  186
 369729.589930 ,  184
 369729.590253 ,  182
 369729.591713 ,  184
 369729.593687 ,  159
 369729.594150 ,  171
 369729.596813 ,  712
 369729.598871 ,  532
 369729.599776 ,  485
 369729.600515 ,  442
 369729.601283 ,  377
 369729.602405 ,  346
 369729.603995 ,  1553
 369729.606101 ,  1305
 369729.606176 ,  190
 369729.608070 ,  1162
 369729.609787 ,  930
 369729.614269 ,  562
 369729.615047 ,  515
 369729.618769 ,  303
 369729.620553 ,  263
 369729.620930 ,  230
 369729.621085 ,  229
 369729.621611 ,  217
 369729.623107 ,  240
 369729.627467 ,  2833
 369729.630987 ,  171
 369729.631508 ,  2210
 369729.636017 ,  176
 369729.636964 ,  1367
 369729.639437 ,  205
 369729.642155 ,  875
 369729.645127 ,  581
 369729.646073 ,  549
 369729.647952 ,  396
 369729.649816 ,  365
 369729.651537 ,  292
 369729.654189 ,  223
 369729.654555 ,  214
 369729.655132 ,  204
 369729.655902 ,  1264
 369729.660453 ,  874
 369729.661730 ,  717
 369729.666226 ,  414
 369729.666841 ,  380
 369729.666965 ,  353
 369729.668069 ,  373
 369729.668898 ,  251
 369729.669072 ,  308
 369729.669444 ,  292
 369729.670293 ,  271
 369729.670388 ,  235
 369729.671783 ,  241
 369729.672383 ,  221
 369729.672910 ,  216
 369729.673521 ,  613
 369729.674869 ,  591
 369729.676867 ,  421
 369729.678707 ,  335
 369729.679318 ,  319
 369729.679743 ,  297
 369729.680635 ,  270
 369729.681092 ,  266
 369729.682371 ,  271
 369729.683215 ,  277
 369729.684083 ,  239
 369729.685347 ,  1343
 369729.686979 ,  1257
 369729.688566 ,  1125
 369729.689535 ,  218
 369729.690997 ,  819
 369729.693627 ,  603
 369729.694951 ,  510
 369729.696129 ,  437
 369729.697257 ,  360
 369729.697681 ,  335
 369729.698667 ,  299
 369729.699208 ,  283
 369729.700068 ,  246
 369729.700724 ,  284
 369729.701456 ,  252
 369729.701785 ,  233
 369729.702850 ,  642
 369729.703782 ,  699
 369729.706462 ,  485
 369729.707253 ,  444
 369729.708024 ,  407
 369729.709140 ,  327
 369729.710812 ,  281
 369729.711220 ,  268
 369729.711622 ,  256
 369729.712709 ,  253
 369729.713085 ,  238
 369729.713430 ,  177
 369729.714056 ,  218
 369729.714335 ,  214
 369729.715329 ,  208
 369729.717572 ,  195
 369729.719066 ,  240
 369729.720586 ,  201
 369729.722189 ,  203
 369729.722470 ,  202
 369729.723311 ,  246
 369729.723926 ,  240
 369729.724340 ,  235
 369729.725099 ,  214
 369729.726337 ,  203
 369729.727147 ,  191
 369729.731082 ,  340
 369729.732242 ,  291
 369729.732616 ,  282
 369729.734505 ,  225
 369729.734839 ,  221
 369729.735460 ,  215
 369729.735773 ,  208
 369729.736353 ,  201
 369729.736602 ,  199
 369729.738351 ,  171
 369729.739163 ,  187
 369729.739532 ,  1217
 369729.741084 ,  1080
 369729.748532 ,  484
 369729.749229 ,  422
 369729.749771 ,  389
 369729.750048 ,  364
 369729.751619 ,  317
 369729.754270 ,  228
 369729.754499 ,  227
 369729.755274 ,  951
 369729.757089 ,  794
 369729.757591 ,  710
 369729.758525 ,  667
 369729.759303 ,  607
 369729.760021 ,  557
 369729.762234 ,  404
 369729.764643 ,  216
 369729.765029 ,  284
 369729.765865 ,  246
 369729.766446 ,  278
 369729.766885 ,  300
 369729.767298 ,  285
 369729.768167 ,  289
 369729.768572 ,  278
 369729.769683 ,  248
 369729.770047 ,  235
 369729.770675 ,  224
 369729.771126 ,  224
 369729.771472 ,  225
 369729.771789 ,  218
 369729.772094 ,  214
 369729.772338 ,  210
 369729.772581 ,  211
 369729.773529 ,  205
 369729.773939 ,  191
 369729.774289 ,  183
 369729.774522 ,  178
 369729.774814 ,  180
 369729.775079 ,  178
 369729.780097 ,  852
 369729.782008 ,  633
 369729.783571 ,  579
 369729.785167 ,  614
 369729.786092 ,  566
 369729.786814 ,  516
 369729.787462 ,  475
 369729.788063 ,  440
 369729.789762 ,  337
 369729.789770 ,  671
 369729.793034 ,  217
 369729.793520 ,  214
 369729.793618 ,  381
 369729.794210 ,  524
 369729.797380 ,  343
 369729.798936 ,  287
 369729.802051 ,  190
 369729.804492 ,  326
 369729.805327 ,  437
 369729.806527 ,  376
 369729.811031 ,  260
 369729.811390 ,  247
 369729.811713 ,  239
 369729.812202 ,  1133
 369729.812874 ,  230
 369729.816112 ,  797
 369729.817433 ,  655
 369729.818292 ,  590
 369729.819549 ,  539
 369729.819643 ,  238
 369729.820183 ,  210
 369729.821880 ,  369
 369729.822778 ,  325
 369729.823325 ,  311
 369729.823623 ,  291
 369729.824085 ,  286
 369729.824550 ,  271
 369729.825426 ,  236
 369729.825724 ,  227
 369729.826980 ,  216
 369729.827229 ,  214
 369729.828686 ,  241
 369729.829733 ,  233
 369729.829783 ,  198
 369729.834367 ,  1152
 369729.836056 ,  1029
 369729.837887 ,  831
 369729.841674 ,  511
 369729.843056 ,  430
 369729.843972 ,  232
 369729.850584 ,  325
 369729.851481 ,  293
 369729.852269 ,  266
 369729.853781 ,  219
 369729.854065 ,  217
 369729.856886 ,  468
 369729.858007 ,  401
 369729.858463 ,  373
 369729.859329 ,  335
 369729.859752 ,  319
 369729.860282 ,  304
 369729.861363 ,  257
 369729.862202 ,  127
 369729.862505 ,  230
 369729.862815 ,  224
 369729.865715 ,  456
 369729.866401 ,  646
 369729.869323 ,  435
 369729.869896 ,  401
 369729.870982 ,  709
 369729.871966 ,  654
 369729.873097 ,  546
 369729.875767 ,  390
 369729.876769 ,  345
 369729.877161 ,  306
 369729.878026 ,  285
 369729.878808 ,  261
 369729.879090 ,  248
 369729.879546 ,  246
 369729.880157 ,  231
 369729.880394 ,  225
 369729.882287 ,  3235
 369729.888877 ,  175
 369729.889565 ,  1999
 369729.892389 ,  1770
 369729.893574 ,  237
 369729.896975 ,  1111
 369729.901884 ,  649
 369729.902685 ,  602
 369729.903478 ,  551
 369729.905474 ,  404
 369729.906867 ,  136
 369729.909767 ,  230
 369729.910238 ,  495
 369729.914501 ,  322
 369729.914989 ,  307
 369729.915814 ,  275
 369729.916137 ,  265
 369729.919281 ,  724
 369729.920189 ,  665
 369729.921199 ,  554
 369729.923975 ,  396
 369729.931350 ,  736
 369729.937102 ,  325
 369729.937962 ,  303
 369729.938374 ,  288
 369729.938914 ,  415
 369729.939498 ,  391
 369729.940488 ,  347
 369729.941366 ,  294
 369729.941805 ,  279
 369729.942813 ,  249
 369729.944353 ,  285
 369729.944833 ,  261
 369729.945628 ,  224
 369729.946102 ,  276
 369729.946457 ,  261
 369729.946548 ,  219
 369729.947371 ,  238
 369729.948150 ,  233
 369729.948465 ,  222
 369729.949124 ,  209
 369729.950045 ,  194
 369729.951093 ,  217
 369729.951609 ,  204
 369729.951886 ,  207
 369729.953196 ,  1110
 369729.955791 ,  903
 369729.957036 ,  742
 369729.959956 ,  551
 369729.960703 ,  503
 369729.961151 ,  428
 369729.962272 ,  406
 369729.962669 ,  190
 369729.964971 ,  428
 369729.966125 ,  364
 369729.966617 ,  342
 369729.967463 ,  309
 369729.968294 ,  276
 369729.969266 ,  245
 369729.969632 ,  231
 369729.973424 ,  461
 369729.973933 ,  437
 369729.974922 ,  385
 369729.975378 ,  363
 369729.976301 ,  329
 369729.976875 ,  234
 369729.977053 ,  289
 369729.978031 ,  261
 369729.978380 ,  248
 369729.978733 ,  240
 369729.980011 ,  357
 369729.980762 ,  332
 369729.981605 ,  273
 369729.982127 ,  639
 369729.983042 ,  703
 369729.983934 ,  640
 369729.984695 ,  584
 369729.984862 ,  241
 369729.985500 ,  498
 369729.986871 ,  419
 369729.989677 ,  312
 369729.990202 ,  284
 369729.993012 ,  1242
 369729.994799 ,  1109
 369729.996331 ,  991
 369729.998936 ,  729
 369730.000116 ,  597
 369730.001027 ,  534
 369730.002190 ,  454
 369730.003932 ,  369
 369730.007010 ,  300
 369730.008010 ,  258
 369730.008371 ,  244
 369730.009418 ,  2824
 369730.016591 ,  2028
 369730.020808 ,  1416
 369730.022759 ,  1133
 369730.023888 ,  1011
 369730.026859 ,  734
 369730.028447 ,  608
 369730.029287 ,  518
 369730.030059 ,  474
 369730.031041 ,  413
 369730.031570 ,  387
 369730.032084 ,  363
 369730.032925 ,  334
 369730.034824 ,  261
 369730.035351 ,  341
 369730.035777 ,  323
 369730.038000 ,  391
 369730.038517 ,  343
 369730.038578 ,  366
 369730.039962 ,  302
 369730.040393 ,  291
 369730.040804 ,  200
 369730.041806 ,  896
 369730.043583 ,  852
 369730.045372 ,  637
 369730.046866 ,  529
 369730.047575 ,  489
 369730.048744 ,  206
 369730.049459 ,  375
 369730.050098 ,  226
 369730.051098 ,  309
 369730.051877 ,  285
 369730.052236 ,  262
 369730.052865 ,  269
 369730.052914 ,  235
 369730.053627 ,  273
 369730.053983 ,  261
 369730.056505 ,  219
 369730.056874 ,  214
 369730.057230 ,  207
 369730.058252 ,  193
 369730.058517 ,  186
 369730.058770 ,  186
 369730.058997 ,  186
 369730.059414 ,  604
 369730.060857 ,  629
 369730.062220 ,  471
 369730.063297 ,  414
 369730.063667 ,  389
 369730.066255 ,  284
 369730.067109 ,  254
 369730.069557 ,  202
 369730.069810 ,  198
 369730.070279 ,  199
 369730.070440 ,  163
 369730.071343 ,  214
 369730.071634 ,  211
 369730.072325 ,  234
 369730.072943 ,  223
 369730.073873 ,  212
 369730.074166 ,  211
 369730.074456 ,  208
 369730.074742 ,  206
 369730.076243 ,  733
 369730.079077 ,  208
 369730.079666 ,  458
 369730.082390 ,  301
 369730.083625 ,  279
 369730.083933 ,  269
 369730.083952 ,  207
 369730.084741 ,  250
 369730.085403 ,  229
 369730.087017 ,  226
 369730.087357 ,  221
 369730.087361 ,  273
 369730.087605 ,  215
 369730.088868 ,  184
 369730.090505 ,  733
 369730.091804 ,  666
 369730.093384 ,  503
 369730.094100 ,  464
 369730.097167 ,  288
 369730.099813 ,  483
 369730.100518 ,  447
 369730.101164 ,  387
 369730.102167 ,  339
 369730.102734 ,  123
 369730.104027 ,  296
 369730.104615 ,  272
 369730.105341 ,  233
 369730.106317 ,  255
 369730.106920 ,  243
 369730.107559 ,  239
 369730.107891 ,  231
 369730.108209 ,  225
 369730.108449 ,  220
 369730.108842 ,  221
 369730.109407 ,  209
 369730.109984 ,  205
 369730.111172 ,  192
 369730.113516 ,  499
 369730.117822 ,  298
 369730.118210 ,  287
 369730.118649 ,  276
 369730.119966 ,  262
 369730.121964 ,  236
 369730.122688 ,  208
 369730.123296 ,  198
 369730.124029 ,  1618
 369730.128325 ,  1204
 369730.128422 ,  116
 369730.131196 ,  864
 369730.133225 ,  639
 369730.134695 ,  536
 369730.135322 ,  495
 369730.135989 ,  459
 369730.137549 ,  183
 369730.138257 ,  324
 369730.140706 ,  257
 369730.141056 ,  235
 369730.141363 ,  228
 369730.141867 ,  1044
 369730.143213 ,  1014
 369730.144637 ,  912
 369730.146270 ,  673
 369730.147111 ,  633
 369730.149016 ,  496
 369730.149718 ,  448
 369730.149770 ,  218
 369730.150092 ,  182
 369730.150862 ,  400
 369730.151316 ,  376
 369730.152314 ,  335
 369730.153730 ,  292
 369730.154086 ,  284
 369730.154686 ,  267
 369730.155054 ,  266
 369730.155836 ,  244
 369730.156131 ,  237
 369730.157933 ,  217
 369730.158250 ,  201
 369730.158505 ,  197
 369730.158756 ,  197
 369730.159303 ,  874
 369730.161635 ,  789
 369730.162656 ,  713
 369730.168624 ,  789
 369730.169830 ,  665
 369730.170680 ,  600
 369730.171542 ,  548
 369730.175097 ,  833
 369730.176405 ,  758
 369730.179793 ,  454
 369730.180285 ,  420
 369730.180795 ,  395
 369730.182940 ,  287
 369730.184765 ,  253
 369730.185091 ,  234
 369730.185391 ,  228
 369730.186084 ,  449
 369730.186619 ,  429
 369730.187159 ,  282
 369730.187704 ,  374
 369730.188310 ,  352
 369730.189279 ,  295
 369730.190257 ,  270
 369730.190671 ,  260
 369730.191820 ,  228
 369730.192658 ,  230
 369730.193718 ,  202
 369730.193994 ,  196
 369730.194312 ,  195
 369730.194560 ,  191
 369730.195333 ,  351
 369730.196192 ,  320
 369730.197053 ,  282
 369730.198059 ,  250
 369730.199529 ,  221
 369730.201627 ,  287
 369730.203267 ,  250
 369730.204291 ,  524
 369730.204947 ,  466
 369730.206144 ,  402
 369730.206607 ,  373
 369730.207140 ,  353
 369730.208959 ,  398
 369730.210051 ,  351
 369730.211397 ,  351
 369730.211935 ,  320
 369730.212351 ,  300
 369730.214703 ,  240
 369730.215114 ,  160
 369730.215558 ,  227
 369730.215933 ,  225
 369730.216236 ,  217
 369730.216498 ,  214
 369730.218384 ,  198
 369730.218615 ,  192
 369730.218866 ,  194
 369730.219207 ,  251
 369730.220573 ,  229
 369730.221164 ,  205
 369730.221464 ,  204
 369730.222074 ,  227
 369730.222414 ,  228
 369730.222972 ,  219
 369730.223215 ,  219
 369730.223785 ,  215
 369730.224069 ,  216
 369730.224818 ,  207
 369730.225121 ,  199
 369730.225371 ,  196
 369730.225891 ,  198
 369730.226792 ,  196
 369730.227066 ,  189
 369730.227542 ,  191
 369730.227910 ,  215
 369730.228664 ,  216
 369730.228912 ,  185
 369730.229682 ,  184
 369730.229938 ,  184
 369730.230644 ,  661
 369730.231573 ,  645
 369730.233241 ,  204
 369730.233358 ,  494
 369730.235503 ,  381
 369730.235977 ,  352
 369730.236428 ,  332
 369730.236796 ,  315
 369730.237692 ,  292
 369730.238093 ,  267
 369730.238493 ,  256
 369730.239671 ,  2106
 369730.244940 ,  1390
 369730.247316 ,  1236
 369730.251007 ,  248
 369730.251315 ,  797
 369730.252468 ,  720
 369730.256218 ,  448
 369730.257259 ,  363
 369730.258122 ,  322
 369730.258889 ,  297
 369730.260374 ,  251
 369730.262099 ,  215
 369730.262369 ,  211
 369730.262637 ,  210
 369730.263125 ,  271
 369730.265137 ,  242
 369730.265898 ,  270
 369730.266287 ,  263
 369730.266599 ,  252
 369730.267067 ,  247
 369730.267763 ,  245
 369730.268775 ,  233
 369730.269027 ,  222
 369730.269284 ,  222
 369730.269681 ,  222
 369730.269798 ,  213
 369730.270265 ,  244
 369730.271625 ,  217
 369730.274443 ,  870
 369730.276565 ,  761
 369730.277571 ,  631
 369730.280234 ,  442
 369730.281372 ,  414
 369730.281946 ,  375
 369730.282448 ,  350
 369730.284627 ,  1136
 369730.287177 ,  123
 369730.287416 ,  823
 369730.287516 ,  124
 369730.287875 ,  198
 369730.291725 ,  467
 369730.292300 ,  451
 369730.292940 ,  391
 369730.293508 ,  362
 369730.293935 ,  338
 369730.294830 ,  308
 369730.295329 ,  291
 369730.296092 ,  262
 369730.296401 ,  253
 369730.297660 ,  224
 369730.299591 ,  236
 369730.299915 ,  228
 369730.300187 ,  223
 369730.309365 ,  294
 369730.315568 ,  663
 369730.317834 ,  502
 369730.318342 ,  460
 369730.319875 ,  380
 369730.322256 ,  272
 369730.323035 ,  257
 369730.323741 ,  233
 369730.325270 ,  226
 369730.326248 ,  196
 369730.326785 ,  197
 369730.328009 ,  219
 369730.328783 ,  216
 369730.329427 ,  209
 369730.330097 ,  203
 369730.330954 ,  194
 369730.331219 ,  192
 369730.331759 ,  203
 369730.332343 ,  195
 369730.334183 ,  1954
 369730.334626 ,  142
 369730.338020 ,  219
 369730.340810 ,  1249
 369730.342263 ,  998
 369730.347830 ,  548
 369730.349131 ,  430
 369730.349292 ,  399
 369730.350003 ,  427
 369730.352066 ,  416
 369730.352756 ,  378
 369730.353711 ,  309
 369730.354174 ,  330
 369730.354619 ,  312
 369730.355001 ,  296
 369730.356370 ,  258
 369730.357010 ,  241
 369730.357636 ,  235
 369730.357982 ,  232
 369730.358328 ,  225
 369730.358894 ,  217
 369730.362405 ,  320
 369730.362805 ,  313
 369730.363459 ,  291
 369730.363808 ,  285
 369730.365285 ,  246
 369730.366058 ,  230
 369730.367067 ,  217
 369730.368168 ,  201
 369730.368452 ,  204
 369730.368895 ,  280
 369730.369609 ,  266
 369730.370394 ,  233
 369730.371900 ,  605
 369730.372680 ,  557
 369730.374499 ,  405
 369730.374982 ,  380
 369730.375684 ,  358
 369730.376313 ,  228
 369730.376550 ,  228
 369730.376989 ,  237
 369730.377295 ,  717
 369730.378907 ,  697
 369730.380367 ,  577
 369730.381830 ,  446
 369730.382361 ,  414
 369730.382962 ,  388
 369730.383427 ,  361
 369730.384898 ,  190
 369730.385284 ,  274
 369730.386048 ,  259
 369730.386862 ,  245
 369730.387152 ,  224
 369730.387575 ,  215
 369730.387836 ,  211
 369730.388038 ,  234
 369730.388518 ,  291
 369730.389252 ,  256
 369730.389727 ,  250
 369730.390686 ,  249
 369730.391350 ,  245
 369730.391994 ,  227
 369730.393886 ,  287
 369730.394247 ,  272
 369730.394496 ,  263
 369730.395143 ,  255
 369730.395371 ,  264
 369730.396194 ,  229
 369730.396795 ,  217
 369730.397191 ,  256
 369730.397545 ,  251
 369730.397856 ,  243
 369730.398439 ,  232
 369730.399677 ,  229
 369730.399956 ,  224
 369730.400351 ,  222
 369730.400954 ,  208
 369730.401220 ,  204
 369730.401480 ,  204
 369730.401796 ,  204
 369730.402379 ,  196
 369730.404202 ,  250
 369730.408578 ,  406
 369730.409156 ,  355
 369730.410079 ,  315
 369730.410612 ,  297
 369730.411116 ,  279
 369730.411865 ,  251
 369730.412602 ,  244
 369730.414549 ,  198
 369730.415284 ,  232
 369730.416888 ,  212
 369730.417525 ,  222
 369730.417868 ,  223
 369730.418441 ,  213
 369730.418690 ,  213
 369730.419351 ,  208
 369730.419842 ,  153
 369730.420297 ,  196
 369730.420551 ,  192
 369730.420914 ,  430
 369730.421941 ,  510
 369730.423764 ,  394
 369730.424270 ,  375
 369730.425591 ,  299
 369730.429784 ,  235
 369730.430478 ,  223
 369730.431410 ,  195
 369730.432516 ,  243
 369730.432883 ,  238
 369730.433476 ,  220
 369730.433744 ,  218
 369730.435211 ,  216
 369730.435542 ,  207
 369730.435780 ,  202
 369730.436364 ,  203
 369730.437111 ,  190
 369730.437793 ,  194
 369730.439792 ,  196
 369730.440515 ,  197
 369730.441122 ,  266
 369730.441483 ,  258
 369730.441788 ,  249
 369730.442972 ,  235
 369730.443235 ,  232
 369730.444092 ,  226
 369730.444369 ,  226
 369730.446259 ,  201
 369730.446510 ,  199
 369730.447814 ,  202
 369730.449029 ,  174
 369730.452177 ,  310
 369730.452976 ,  272
 369730.455418 ,  337
 369730.457890 ,  168
 369730.458154 ,  392
 369730.459855 ,  330
 369730.461986 ,  267
 369730.462355 ,  258
 369730.463048 ,  242
 369730.463423 ,  235
 369730.463790 ,  226
 369730.464322 ,  218
 369730.465231 ,  251
 369730.467470 ,  572
 369730.467489 ,  525
 369730.471129 ,  361
 369730.471605 ,  339
 369730.472119 ,  320
 369730.472587 ,  301
 369730.473028 ,  274
 369730.474143 ,  267
 369730.474913 ,  245
 369730.475616 ,  222
 369730.475892 ,  218
 369730.476310 ,  227
 369730.476851 ,  226
 369730.477198 ,  221
 369730.477438 ,  215
 369730.478047 ,  222
 369730.478758 ,  205
 369730.479038 ,  201
 369730.479912 ,  193
 369730.480419 ,  195
 369730.480684 ,  194
 369730.482399 ,  183
 369730.483107 ,  430
 369730.485013 ,  322
 369730.485972 ,  306
 369730.486338 ,  293
 369730.486542 ,  545
 369730.486736 ,  283
 369730.487147 ,  271
 369730.487489 ,  259
 369730.487784 ,  252
 369730.488407 ,  241
 369730.488810 ,  241
 369730.489113 ,  229
 369730.489817 ,  225
 369730.490931 ,  211
 369730.492867 ,  191
 369730.493103 ,  183
 369730.493341 ,  185
 369730.493530 ,  187
 369730.494005 ,  498
 369730.495259 ,  459
 369730.495968 ,  426
 369730.497407 ,  329
 369730.497768 ,  314
 369730.498673 ,  292
 369730.499036 ,  274
 369730.499399 ,  265
 369730.500772 ,  252
 369730.502659 ,  604
 369730.503212 ,  168
 369730.503489 ,  626
 369730.504165 ,  573
 369730.505616 ,  453
 369730.508891 ,  246
 369730.509139 ,  293
 369730.509825 ,  271
 369730.510517 ,  243
 369730.511339 ,  238
 369730.511616 ,  234
 369730.512209 ,  229
 369730.512841 ,  226
 369730.513172 ,  213
 369730.514320 ,  207
 369730.514633 ,  201
 369730.514860 ,  197
 369730.515119 ,  200
 369730.515448 ,  200
 369730.516940 ,  183
 369730.518373 ,  219
 369730.519069 ,  194
 369730.520426 ,  377
 369730.520963 ,  337
 369730.523395 ,  261
 369730.524910 ,  239
 369730.525862 ,  215
 369730.526404 ,  229
 369730.527124 ,  221
 369730.527812 ,  196
 369730.536106 ,  922
 369730.538087 ,  675
 369730.539880 ,  568
 369730.540621 ,  517
 369730.541268 ,  442
 369730.542569 ,  382
 369730.543067 ,  352
 369730.543734 ,  314
 369730.545937 ,  251
 369730.546556 ,  385
 369730.547244 ,  195
 369730.548524 ,  308
 369730.549018 ,  282
 369730.549759 ,  260
 369730.550102 ,  248
 369730.551833 ,  213
 369730.552386 ,  211
 369730.553362 ,  239
 369730.554506 ,  203
 369730.558281 ,  300
 369730.560564 ,  173
 369730.562248 ,  230
 369730.564482 ,  477
 369730.565044 ,  410
 369730.567553 ,  307
 369730.569648 ,  238
 369730.570183 ,  233
 369730.570453 ,  232
 369730.570955 ,  385
 369730.571957 ,  364
 369730.572450 ,  331
 369730.572828 ,  312
 369730.573906 ,  330
 369730.575853 ,  230
 369730.576236 ,  905
 369730.577517 ,  739
 369730.578617 ,  666
 369730.579833 ,  554
 369730.580907 ,  483
 369730.583071 ,  816
 369730.583854 ,  327
 369730.584800 ,  288
 369730.585256 ,  267
 369730.585865 ,  246
 369730.586171 ,  245
 369730.587206 ,  227
 369730.587776 ,  218
 369730.588033 ,  220
 369730.589592 ,  208
 369730.589906 ,  204
 369730.590156 ,  200
 369730.590686 ,  199
 369730.591156 ,  548
 369730.594204 ,  374
 369730.594725 ,  350
 369730.595229 ,  329
 369730.596296 ,  322
 369730.596665 ,  224
 369730.597493 ,  267
 369730.598691 ,  237
 369730.599087 ,  224
 369730.599431 ,  215
 369730.599941 ,  317
 369730.600316 ,  328
 369730.600678 ,  316
 369730.601401 ,  280
 369730.603243 ,  237
 369730.603689 ,  228
 369730.604028 ,  217
 369730.604281 ,  211
 369730.605036 ,  222
 369730.605633 ,  211
 369730.605878 ,  209
 369730.606092 ,  210
 369730.606377 ,  224
 369730.607700 ,  253
 369730.608075 ,  234
 369730.608411 ,  225
 369730.609136 ,  216
 369730.609391 ,  223
 369730.609704 ,  223
 369730.611512 ,  200
 369730.612785 ,  203
 369730.613250 ,  206
 369730.613604 ,  209
 369730.613950 ,  203
 369730.614231 ,  197
 369730.614763 ,  194
 369730.615147 ,  196
 369730.615503 ,  212
 369730.616204 ,  205
 369730.617393 ,  177
 369730.617923 ,  484
 369730.618533 ,  531
 369730.619295 ,  493
 369730.620592 ,  419
 369730.621254 ,  367
 369730.621787 ,  340
 369730.622295 ,  319
 369730.622575 ,  300
 369730.623992 ,  265
 369730.626275 ,  200
 369730.626593 ,  196
 369730.626850 ,  192
 369730.628837 ,  458
 369730.629498 ,  392
 369730.631297 ,  309
 369730.632533 ,  267
 369730.632915 ,  250
 369730.635126 ,  618
 369730.636345 ,  513
 369730.637461 ,  415
 369730.640363 ,  294
 369730.642475 ,  241
 369730.643215 ,  238
 369730.643604 ,  220
 369730.643934 ,  211
 369730.648863 ,  427
 369730.649506 ,  375
 369730.650556 ,  324
 369730.651562 ,  297
 369730.652586 ,  256
 369730.652929 ,  236
 369730.653251 ,  229
 369730.653911 ,  386
 369730.654355 ,  371
 369730.654894 ,  352
 369730.655496 ,  330
 369730.655897 ,  307
 369730.656278 ,  294
 369730.656738 ,  283
 369730.657090 ,  260
 369730.657434 ,  252
 369730.657774 ,  245
 369730.658175 ,  238
 369730.659076 ,  221
 369730.659689 ,  213
 369730.661968 ,  300
 369730.665619 ,  395
 369730.666126 ,  366
 369730.667311 ,  322
 369730.668197 ,  281
 369730.668593 ,  270
 369730.668721 ,  259
 369730.669340 ,  277
 369730.670044 ,  258
 369730.670428 ,  238
 369730.670787 ,  229
 369730.671486 ,  905
 369730.674799 ,  697
 369730.675887 ,  635
 369730.676786 ,  575
 369730.677537 ,  482
 369730.679083 ,  426
 369730.680347 ,  355
 369730.681262 ,  357
 369730.682253 ,  204
 369730.683249 ,  282
 369730.683720 ,  271
 369730.684085 ,  256
 369730.685121 ,  229
 369730.685517 ,  221
 369730.686199 ,  203
 369730.688825 ,  184
 369730.689075 ,  183
 369730.689307 ,  183
 369730.689942 ,  234
 369730.690203 ,  232
 369730.690501 ,  232
 369730.691678 ,  217
 369730.692753 ,  214
 369730.693037 ,  218
 369730.693317 ,  216
 369730.694239 ,  210
 369730.694577 ,  206
 369730.694836 ,  201
 369730.696200 ,  257
 369730.696934 ,  667
 369730.698824 ,  532
 369730.699465 ,  490
 369730.701269 ,  373
 369730.701775 ,  345
 369730.703515 ,  279
 369730.704155 ,  261
 369730.704895 ,  255
 369730.705408 ,  228
 369730.705764 ,  215
 369730.707179 ,  238
 369730.707440 ,  235
 369730.708301 ,  234
 369730.709749 ,  223
 369730.710039 ,  215
 369730.710836 ,  212
 369730.711775 ,  201
 369730.712274 ,  200
 369730.712747 ,  217
 369730.713441 ,  210
 369730.713814 ,  194
 369730.714591 ,  187
 369730.714857 ,  187
 369730.718089 ,  406
 369730.719613 ,  339
 369730.720159 ,  315
 369730.720556 ,  295
 369730.720924 ,  272
 369730.721419 ,  262
 369730.723436 ,  216
 369730.724084 ,  239
 369730.724468 ,  236
 369730.725057 ,  221
 369730.725684 ,  210
 369730.726212 ,  210
 369730.726539 ,  208
 369730.727067 ,  203
 369730.728243 ,  212
 369730.728608 ,  203
 369730.728914 ,  195
 369730.729158 ,  192
 369730.729393 ,  193
 369730.732012 ,  216
 369730.732396 ,  228
 369730.732631 ,  232
 369730.732867 ,  234
 369730.733488 ,  227
 369730.734381 ,  225
 369730.734951 ,  212
 369730.735241 ,  212
 369730.736732 ,  203
 369730.737070 ,  196
 369730.737304 ,  191
 369730.737590 ,  193
 369730.739704 ,  191
 369730.739988 ,  189
 369730.740237 ,  187
 369730.740827 ,  184
 369730.746598 ,  933
 369730.747452 ,  834
 369730.750588 ,  566
 369730.752122 ,  480
 369730.753358 ,  385
 369730.753813 ,  358
 369730.754220 ,  339
 369730.754561 ,  324
 369730.757716 ,  234
 369730.758664 ,  218
 369730.761328 ,  669
 369730.767578 ,  333
 369730.768332 ,  331
 369730.769614 ,  279
 369730.769619 ,  257
 369730.770331 ,  255
 369730.771144 ,  233
 369730.771349 ,  170
 369730.771411 ,  228
 369730.772083 ,  218
 369730.772512 ,  380
 369730.773061 ,  340
 369730.773457 ,  318
 369730.774557 ,  692
 369730.775734 ,  638
 369730.777636 ,  452
 369730.778196 ,  423
 369730.779204 ,  370
 369730.779774 ,  350
 369730.780627 ,  312
 369730.781082 ,  285
 369730.781410 ,  199
 369730.781519 ,  270
 369730.781923 ,  257
 369730.782585 ,  239
 369730.783544 ,  236
 369730.783965 ,  218
 369730.784320 ,  208
 369730.784568 ,  202
 369730.784837 ,  203
 369730.785101 ,  198
 369730.787231 ,  1153
 369730.790084 ,  835
 369730.791225 ,  752
 369730.793702 ,  555
 369730.794758 ,  484
 369730.797261 ,  341
 369730.797682 ,  316
 369730.798102 ,  301
 369730.798635 ,  275
 369730.799502 ,  290
 369730.800094 ,  272
 369730.800997 ,  262
 369730.801946 ,  226
 369730.802549 ,  215
 369730.803633 ,  438
 369730.804179 ,  408
 369730.805211 ,  340
 369730.805641 ,  318
 369730.806147 ,  303
 369730.806547 ,  285
 369730.806925 ,  273
 369730.807403 ,  263
 369730.807774 ,  249
 369730.808091 ,  240
 369730.808729 ,  229
 369730.809248 ,  280
 369730.810001 ,  266
 369730.810417 ,  245
 369730.810722 ,  234
 369730.810990 ,  230
 369730.811710 ,  843
 369730.812768 ,  837
 369730.813918 ,  688
 369730.816829 ,  482
 369730.817392 ,  419
 369730.818624 ,  414
 369730.821667 ,  276
 369730.822519 ,  252
 369730.823527 ,  236
 369730.823823 ,  225
 369730.824223 ,  222
 369730.824527 ,  213
 369730.825254 ,  200
 369730.825473 ,  193
 369730.825974 ,  197
 369730.826205 ,  204
 369730.826594 ,  303
 369730.827211 ,  218
 369730.828125 ,  190
 369730.828405 ,  185
 369730.828901 ,  186
 369730.828938 ,  214
 369730.831300 ,  313
 369730.831995 ,  285
 369730.832393 ,  278
 369730.832744 ,  266
 369730.833113 ,  252
 369730.833400 ,  243
 369730.834561 ,  222
 369730.834874 ,  193
 369730.834897 ,  215
 369730.838065 ,  369
 369730.840365 ,  291
 369730.841225 ,  261
 369730.841658 ,  247
 369730.842947 ,  221
 369730.843265 ,  218
 369730.843774 ,  215
 369730.845659 ,  200
 369730.846496 ,  188
 369730.846722 ,  189
 369730.846920 ,  192
 369730.847129 ,  199
 369730.847656 ,  204
 369730.848637 ,  209
 369730.849132 ,  208
 369730.849690 ,  207
 369730.850994 ,  198
 369730.851633 ,  212
 369730.851833 ,  189
 369730.852081 ,  188
 369730.853025 ,  270
 369730.854017 ,  236
 369730.855152 ,  684
 369730.857094 ,  596
 369730.857774 ,  542
 369730.858481 ,  500
 369730.859218 ,  461
 369730.861072 ,  342
 369730.862155 ,  343
 369730.863100 ,  293
 369730.863538 ,  280
 369730.866883 ,  757
 369730.866964 ,  114
 369730.868013 ,  684
 369730.869643 ,  522
 369730.871339 ,  439
 369730.872086 ,  399
 369730.872997 ,  313
 369730.873486 ,  581
 369730.874128 ,  547
 369730.874841 ,  506
 369730.876599 ,  402
 369730.878174 ,  314
 369730.878576 ,  297
 369730.879489 ,  628
 369730.883630 ,  370
 369730.884529 ,  327
 369730.884976 ,  120
 369730.885943 ,  261
 369730.886419 ,  248
 369730.886888 ,  283
 369730.888073 ,  247
 369730.890055 ,  213
 369730.890526 ,  109
 369730.890627 ,  211
 369730.891911 ,  260
 369730.892276 ,  252
 369730.892942 ,  232
 369730.893231 ,  226
 369730.894318 ,  229
 369730.894938 ,  219
 369730.895357 ,  215
 369730.896204 ,  200
 369730.897302 ,  225
 369730.898019 ,  213
 369730.898305 ,  197
 369730.898860 ,  195
 369730.899097 ,  192
 369730.899337 ,  194
 369730.901001 ,  4360
 369730.905994 ,  3444
 369730.910401 ,  2682
 369730.918557 ,  198
 369730.921010 ,  177
 369730.923525 ,  936
 369730.925876 ,  680
 369730.928271 ,  523
 369730.929674 ,  410
 369730.931215 ,  334
 369730.932770 ,  336
 369730.933242 ,  291
 369730.934340 ,  491
 369730.935476 ,  443
 369730.936116 ,  413
 369730.937099 ,  343
 369730.937503 ,  323
 369730.937925 ,  309
 369730.939994 ,  243
 369730.942337 ,  408
 369730.942421 ,  126
 369730.943634 ,  349
 369730.944098 ,  330
 369730.944953 ,  284
 369730.945301 ,  273
 369730.946029 ,  253
 369730.946622 ,  243
 369730.947418 ,  233
 369730.947740 ,  222
 369730.948050 ,  217
 369730.949966 ,  200
 369730.950823 ,  181
 369730.951680 ,  1936
 369730.954316 ,  1668
 369730.955671 ,  183
 369730.956546 ,  1481
 369730.957043 ,  201
 369730.958878 ,  1178
 369730.960555 ,  1048
 369730.961823 ,  843
 369730.961927 ,  197
 369730.964122 ,  686
 369730.965306 ,  567
 369730.966472 ,  896
 369730.966728 ,  440
 369730.967865 ,  471
 369730.968573 ,  426
 369730.969162 ,  368
 369730.969695 ,  431
 369730.970333 ,  408
 369730.970903 ,  378
 369730.971499 ,  195
 369730.971534 ,  353
 369730.971954 ,  328
 369730.973234 ,  275
 369730.973979 ,  255
 369730.974319 ,  243
 369730.974623 ,  236
 369730.974932 ,  232
 369730.975274 ,  226
 369730.976603 ,  305
 369730.977153 ,  267
 369730.977537 ,  250
 369730.977891 ,  240
 369730.977947 ,  376
 369730.981627 ,  850
 369730.983778 ,  692
 369730.984902 ,  626
 369730.984921 ,  124
 369730.987457 ,  470
 369730.989420 ,  355
 369730.989941 ,  327
 369730.991673 ,  262
 369730.992856 ,  229
 369730.993210 ,  218
 369730.994679 ,  226
 369730.995353 ,  203
 369730.996888 ,  295
 369730.997345 ,  270
 369730.997628 ,  256
 369730.998374 ,  243
 369730.999013 ,  233
 369730.999865 ,  221
 369731.000577 ,  217
 369731.001230 ,  201
 369731.020951 ,  1471
 369731.022425 ,  286
 369731.030534 ,  611
 369731.031370 ,  550
 369731.032135 ,  503
 369731.033508 ,  391
 369731.037017 ,  214
 369731.037766 ,  246
 369731.038840 ,  213
 369731.039168 ,  202
 369731.039478 ,  197
 369731.040465 ,  366
 369731.041425 ,  306
 369731.042145 ,  278
 369731.042513 ,  271
 369731.042939 ,  261
 369731.043625 ,  244
 369731.043989 ,  235
 369731.045474 ,  233
 369731.045793 ,  224
 369731.046934 ,  229
 369731.047338 ,  212
 369731.047624 ,  203
 369731.049352 ,  1743
 369731.053695 ,  1272
 369731.055491 ,  1132
 369731.062823 ,  461
 369731.063078 ,  186
 369731.066189 ,  744
 369731.067151 ,  774
 369731.070183 ,  529
 369731.071008 ,  484
 369731.072297 ,  393
 369731.073956 ,  332
 369731.074731 ,  302
 369731.075033 ,  293
 369731.076433 ,  259
 369731.076835 ,  251
 369731.077173 ,  235
 369731.077861 ,  223
 369731.080260 ,  193
 369731.080738 ,  201
 369731.085387 ,  751
 369731.085933 ,  1859
 369731.086314 ,  675
 369731.087382 ,  272
 369731.088134 ,  558
 369731.089991 ,  401
 369731.091964 ,  323
 369731.094914 ,  228
 369731.095848 ,  213
 369731.096166 ,  210
 369731.097430 ,  197
 369731.097743 ,  191
 369731.097971 ,  187
 369731.098820 ,  192
 369731.099459 ,  187
 369731.099821 ,  174
 369731.100110 ,  168
 369731.100366 ,  166
 369731.100580 ,  166
 369731.101063 ,  169
 369731.101335 ,  218
 369731.101907 ,  225
 369731.102168 ,  221
 369731.102422 ,  221
 369731.103291 ,  222
 369731.103561 ,  215
 369731.103814 ,  214
 369731.104043 ,  214
 369731.104417 ,  217
 369731.104765 ,  209
 369731.105625 ,  198
 369731.106518 ,  199
 369731.107578 ,  234
 369731.109891 ,  410
 369731.110633 ,  380
 369731.111978 ,  324
 369731.112451 ,  306
 369731.112826 ,  289
 369731.113172 ,  270
 369731.114002 ,  248
 369731.114366 ,  240
 369731.115792 ,  207
 369731.116054 ,  207
 369731.117773 ,  413
 369731.118970 ,  663
 369731.119922 ,  1107
 369731.121419 ,  907
 369731.123833 ,  734
 369731.124888 ,  663
 369731.126971 ,  186
 369731.128075 ,  437
 369731.128683 ,  412
 369731.129755 ,  340
 369731.131377 ,  279
 369731.132589 ,  448
 369731.133182 ,  393
 369731.134116 ,  348
 369731.135968 ,  283
 369731.137576 ,  594
 369731.139151 ,  496
 369731.141128 ,  365
 369731.144755 ,  238
 369731.145281 ,  513
 369731.146026 ,  517
 369731.149618 ,  310
 369731.150134 ,  296
 369731.150510 ,  278
 369731.151860 ,  304
 369731.152343 ,  278
 369731.153084 ,  244
 369731.153715 ,  678
 369731.156393 ,  612
 369731.157271 ,  515
 369731.158753 ,  434
 369731.159380 ,  398
 369731.161325 ,  304
 369731.161733 ,  279
 369731.162120 ,  267
 369731.162491 ,  256
 369731.163807 ,  230
 369731.164874 ,  212
 369731.165933 ,  202
 369731.165967 ,  202
 369731.166255 ,  198
 369731.166507 ,  196
 369731.167417 ,  202
 369731.168565 ,  201
 369731.170185 ,  216
 369731.172524 ,  2501
 369731.173473 ,  166
 369731.175808 ,  2014
 369731.177969 ,  254
 369731.179046 ,  1584
 369731.186168 ,  803
 369731.188317 ,  679
 369731.191185 ,  434
 369731.191760 ,  403
 369731.192327 ,  376
 369731.195283 ,  602
 369731.197469 ,  462
 369731.198110 ,  416
 369731.198682 ,  384
 369731.199194 ,  376
 369731.199692 ,  353
 369731.200136 ,  332
 369731.202053 ,  253
 369731.203426 ,  235
 369731.203887 ,  222
 369731.206651 ,  186
 369731.206884 ,  186
 369731.207143 ,  188
 369731.207597 ,  206
 369731.207872 ,  202
 369731.208150 ,  201
 369731.208497 ,  200
 369731.209668 ,  182
 369731.209955 ,  182
 369731.210198 ,  180
 369731.210347 ,  101
 369731.210623 ,  194
 369731.211119 ,  194
 369731.212659 ,  192
 369731.213044 ,  110
 369731.213411 ,  186
 369731.213665 ,  214
 369731.214401 ,  214
 369731.215230 ,  207
 369731.215820 ,  198
 369731.216073 ,  197
 369731.217613 ,  184
 369731.218375 ,  1217
 369731.220097 ,  1087
 369731.221517 ,  875
 369731.224367 ,  709
 369731.225573 ,  545
 369731.226598 ,  233
 369731.226736 ,  466
 369731.228029 ,  406
 369731.230189 ,  304
 369731.232886 ,  226
 369731.233539 ,  210
 369731.235179 ,  993
 369731.237902 ,  729
 369731.239128 ,  658
 369731.240054 ,  594
 369731.241467 ,  494
 369731.243284 ,  386
 369731.243684 ,  443
 369731.244725 ,  321
 369731.245119 ,  288
 369731.246716 ,  164
 369731.247354 ,  232
 369731.248413 ,  209
 369731.250724 ,  614
 369731.251399 ,  199
 369731.252893 ,  464
 369731.254781 ,  343
 369731.256061 ,  293
 369731.256593 ,  276
 369731.257041 ,  249
 369731.259104 ,  213
 369731.259789 ,  198
 369731.260296 ,  195
 369731.261375 ,  326
 369731.261771 ,  306
 369731.262188 ,  293
 369731.264061 ,  239
 369731.264346 ,  234
 369731.264667 ,  232
 369731.265085 ,  222
 369731.265440 ,  212
 369731.265693 ,  205
 369731.266554 ,  537
 369731.268562 ,  464
 369731.270785 ,  329
 369731.271644 ,  299
 369731.272447 ,  273
 369731.273628 ,  237
 369731.274207 ,  176
 369731.274369 ,  219
 369731.274694 ,  213
 369731.275883 ,  233
 369731.276352 ,  214
 369731.276637 ,  203
 369731.276909 ,  201
 369731.277189 ,  195
 369731.285864 ,  108
 369731.286405 ,  484
 369731.287458 ,  198
 369731.288181 ,  153
 369731.288346 ,  194
 369731.288576 ,  143
 369731.288980 ,  146
 369731.289682 ,  320
 369731.290020 ,  148
 369731.291511 ,  106
 369731.292095 ,  166
 369731.292963 ,  104
 369731.294342 ,  94
 369731.294641 ,  94
 369731.294747 ,  88
 369731.295555 ,  151
 369731.295642 ,  92
 369731.296956 ,  89
 369731.297261 ,  90
 369731.298053 ,  92
 369731.298079 ,  113
 369731.298184 ,  91
 369731.298522 ,  96
 369731.298654 ,  542
 369731.298692 ,  87
 369731.298731 ,  93
 369731.298958 ,  88
 369731.299138 ,  94
 369731.300154 ,  97
 369731.302066 ,  90
 369731.302261 ,  88
 369731.302629 ,  89
 369731.302742 ,  90
 369731.302782 ,  354
 369731.302839 ,  91
 369731.303759 ,  320
 369731.313838 ,  1137
 369731.314311 ,  93
 369731.314607 ,  1002
