 369599.917328 ,  1
 369599.917353 ,  1
 369599.917477 ,  205
 369599.919071 ,  234
 369599.919388 ,  211
 369599.920002 ,  207
 369599.929388 ,  138
 369599.934517 ,  123
 369599.936049 ,  1
 369599.936056 ,  1
 369599.936060 ,  5
 369599.936064 ,  42
 369599.936074 ,  407
 369599.936189 ,  80
 369599.936231 ,  414
 369599.936302 ,  668
 369599.936559 ,  879
 369599.936700 ,  877
 369599.959659 ,  1
 369599.959669 ,  5
 369599.959699 ,  313
 369599.970666 ,  1
 369599.970680 ,  54
 369599.973769 ,  305
 369599.984377 ,  1
 369600.005612 ,  1
 369600.005626 ,  59
 369600.005654 ,  496
 369600.005721 ,  80
 369600.005786 ,  436
 369600.005865 ,  84
 369600.005894 ,  80
 369600.009069 ,  6
 369600.009096 ,  58
 369600.009127 ,  6
 369600.009130 ,  9
 369600.009134 ,  93
 369600.015684 ,  1
 369600.015697 ,  54
 369600.017026 ,  51
 369600.017075 ,  458
 369600.017153 ,  48
 369600.017161 ,  298
 369600.017218 ,  460
 369600.017234 ,  306
 369600.021083 ,  592
 369600.102294 ,  33
 369600.111079 ,  28
 369600.114300 ,  26
 369600.117327 ,  22
 369600.125085 ,  14
 369600.125092 ,  19
 369600.128830 ,  18
 369600.131675 ,  16
 369600.134297 ,  15
 369600.137076 ,  14
 369600.137221 ,  14
 369600.137244 ,  14
 369600.139986 ,  32
 369600.145497 ,  26
 369600.149078 ,  17
 369600.151185 ,  22
 369600.159645 ,  18
 369600.161903 ,  16
 369600.165151 ,  15
 369600.165304 ,  15
 369600.167744 ,  17
 369600.170078 ,  16
 369600.173163 ,  15
 369600.175245 ,  15
 369600.177079 ,  14
 369600.177889 ,  15
 369600.180440 ,  15
 369600.183178 ,  15
 369600.185686 ,  15
 369600.188136 ,  15
 369600.193465 ,  15
 369600.200353 ,  15
 369600.202714 ,  15
 369600.205447 ,  15
 369600.208008 ,  15
 369600.209644 ,  15
 369600.212372 ,  15
 369600.214148 ,  15
 369600.216425 ,  15
 369600.218750 ,  15
 369600.221089 ,  15
 369600.221352 ,  15
 369600.223663 ,  15
 369600.225090 ,  15
 369600.225702 ,  15
 369600.227845 ,  15
 369600.229082 ,  14
 369600.231964 ,  15
 369600.233084 ,  14
 369600.233521 ,  15
 369600.237564 ,  15
 369600.238161 ,  15
 369600.239554 ,  15
 369600.241084 ,  14
 369600.243481 ,  15
 369600.245426 ,  15
 369600.247766 ,  15
 369600.251304 ,  15
 369600.251900 ,  15
 369600.253092 ,  14
 369600.253094 ,  14
 369600.253188 ,  15
 369600.253631 ,  15
 369600.255619 ,  15
 369600.257091 ,  15
 369600.257411 ,  15
 369600.259305 ,  15
 369600.262314 ,  15
 369600.264547 ,  15
 369600.265824 ,  15
 369600.268135 ,  15
 369600.269435 ,  15
 369600.271674 ,  15
 369600.273410 ,  15
 369600.273543 ,  15
 369600.277072 ,  17
 369600.278626 ,  16
 369600.281492 ,  15
 369600.285090 ,  14
 369600.285450 ,  14
 369600.287309 ,  14
 369600.289088 ,  14
 369600.292114 ,  14
 369600.293408 ,  14
 369600.295468 ,  14
 369600.295472 ,  14
 369600.295535 ,  14
 369600.297221 ,  14
 369600.298811 ,  14
 369600.301479 ,  14
 369600.302036 ,  14
 369600.306164 ,  14
 369600.308301 ,  14
 369600.309377 ,  14
 369600.312894 ,  14
 369600.314047 ,  14
 369600.315489 ,  14
 369600.317509 ,  14
 369600.318607 ,  14
 369600.321666 ,  14
 369600.323226 ,  14
 369600.325245 ,  14
 369600.325413 ,  1
 369600.325425 ,  73
 369600.325451 ,  14
 369600.325465 ,  14
 369600.325539 ,  15
 369600.325884 ,  30
 369600.326032 ,  15
 369600.326381 ,  49
 369600.326568 ,  55
 369600.326787 ,  58
 369600.326817 ,  28
 369600.327574 ,  59
 369600.328021 ,  55
 369600.328119 ,  28
 369600.328153 ,  60
 369600.328303 ,  67
 369600.328476 ,  73
 369600.328745 ,  77
 369600.328934 ,  77
 369600.329174 ,  27
 369600.330250 ,  73
 369600.330467 ,  72
 369600.330906 ,  77
 369600.331020 ,  421
 369600.332200 ,  72
 369600.332944 ,  71
 369600.333718 ,  70
 369600.334115 ,  65
 369600.334375 ,  63
 369600.334386 ,  19
 369600.334808 ,  67
 369600.335107 ,  67
 369600.335321 ,  67
 369600.336267 ,  69
 369600.336459 ,  26
 369600.336500 ,  64
 369600.336686 ,  24
 369600.336717 ,  27
 369600.336749 ,  65
 369600.337195 ,  66
 369600.337310 ,  29
 369600.337583 ,  67
 369600.338376 ,  65
 369600.338531 ,  61
 369600.338925 ,  71
 369600.339162 ,  72
 369600.339821 ,  76
 369600.341029 ,  68
 369600.341250 ,  68
 369600.341466 ,  69
 369600.341829 ,  71
 369600.342550 ,  69
 369600.342642 ,  30
 369600.342985 ,  66
 369600.343208 ,  69
 369600.343425 ,  70
 369600.343963 ,  72
 369600.344348 ,  298
 369600.344579 ,  68
 369600.344672 ,  29
 369600.345161 ,  63
 369600.345371 ,  63
 369600.345632 ,  65
 369600.346732 ,  61
 369600.346962 ,  61
 369600.347207 ,  62
 369600.347429 ,  63
 369600.348324 ,  67
 369600.348764 ,  27
 369600.348797 ,  63
 369600.348952 ,  28
 369600.349247 ,  62
 369600.349488 ,  63
 369600.350623 ,  60
 369600.350814 ,  58
 369600.351038 ,  25
 369600.351082 ,  61
 369600.351372 ,  27
 369600.352105 ,  62
 369600.352454 ,  58
 369600.352500 ,  27
 369600.352664 ,  57
 369600.352809 ,  59
 369600.352951 ,  65
 369600.353196 ,  70
 369600.354738 ,  69
 369600.354962 ,  70
 369600.355413 ,  75
 369600.356241 ,  75
 369600.356495 ,  70
 369600.357294 ,  71
 369600.358023 ,  70
 369600.358206 ,  66
 369600.358684 ,  69
 369600.358784 ,  24
 369600.358912 ,  71
 369600.359077 ,  25
 369600.359788 ,  72
 369600.360249 ,  24
 369600.360518 ,  68
 369600.361705 ,  23
 369600.361789 ,  62
 369600.362414 ,  68
 369600.363280 ,  70
 369600.363315 ,  24
 369600.363624 ,  65
 369600.364108 ,  64
 369600.364448 ,  66
 369600.365490 ,  59
 369600.365696 ,  33
 369600.365725 ,  60
 369600.366032 ,  61
 369600.366301 ,  61
 369600.367072 ,  25
 369600.367101 ,  61
 369600.367614 ,  68
 369600.368104 ,  74
 369600.368893 ,  74
 369600.369229 ,  22
 369600.369357 ,  68
 369600.369569 ,  70
 369600.369775 ,  72
 369600.370592 ,  74
 369600.370675 ,  23
 369600.371209 ,  68
 369600.371430 ,  68
 369600.371661 ,  69
 369600.372549 ,  70
 369600.373066 ,  65
 369600.373230 ,  24
 369600.373352 ,  64
 369600.373425 ,  34
 369600.373527 ,  64
 369600.374365 ,  26
 369600.374831 ,  63
 369600.375029 ,  20
 369600.375092 ,  66
 369600.375257 ,  66
 369600.376132 ,  28
 369600.376363 ,  66
 369600.376657 ,  66
 369600.377843 ,  71
 369600.378291 ,  70
 369600.378584 ,  27
 369600.379616 ,  74
 369600.379952 ,  69
 369600.380261 ,  68
 369600.381034 ,  215
 369600.381098 ,  21
 369600.381405 ,  25
 369600.381484 ,  60
 369600.381667 ,  25
 369600.381693 ,  60
 369600.381956 ,  62
 369600.383251 ,  58
 369600.383430 ,  58
 369600.383628 ,  61
 369600.383832 ,  63
 369600.384676 ,  65
 369600.384959 ,  61
 369600.384994 ,  24
 369600.385181 ,  60
 369600.385414 ,  34
 369600.385588 ,  63
 369600.386660 ,  62
 369600.386986 ,  53
 369600.387135 ,  64
 369600.388258 ,  61
 369600.388911 ,  62
 369600.390060 ,  59
 369600.390256 ,  59
 369600.390502 ,  61
 369600.391038 ,  302
 369600.391138 ,  61
 369600.391557 ,  58
 369600.391757 ,  56
 369600.391995 ,  58
 369600.393010 ,  56
 369600.393166 ,  55
 369600.393479 ,  59
 369600.393704 ,  59
 369600.394798 ,  57
 369600.395561 ,  55
 369600.396254 ,  56
 369600.396943 ,  55
 369600.398371 ,  26
 369600.399636 ,  28
 369600.400193 ,  51
 369600.400675 ,  51
 369600.401313 ,  48
 369600.401763 ,  47
 369600.402039 ,  24
 369600.402272 ,  50
 369600.402750 ,  30
 369600.403229 ,  29
 369600.403352 ,  48
 369600.403545 ,  50
 369600.404537 ,  49
 369600.404798 ,  20
 369600.405035 ,  35
 369600.405151 ,  52
 369600.405829 ,  29
 369600.406128 ,  28
 369600.406684 ,  30
 369600.409344 ,  49
 369600.409470 ,  48
 369600.409677 ,  23
 369600.409685 ,  54
 369600.409931 ,  55
 369600.410834 ,  28
 369600.410996 ,  51
 369600.411179 ,  53
 369600.412143 ,  27
 369600.413583 ,  54
 369600.414082 ,  50
 369600.414301 ,  55
 369600.414433 ,  26
 369600.414510 ,  56
 369600.415570 ,  54
 369600.416741 ,  56
 369600.416997 ,  53
 369600.417093 ,  23
 369600.417246 ,  52
 369600.417509 ,  52
 369600.418150 ,  52
 369600.418247 ,  24
 369600.418685 ,  49
 369600.418820 ,  26
 369600.418904 ,  49
 369600.419075 ,  50
 369600.419940 ,  53
 369600.420144 ,  50
 369600.420437 ,  52
 369600.420746 ,  52
 369600.421295 ,  320
 369600.421475 ,  51
 369600.422685 ,  55
 369600.423305 ,  51
 369600.423590 ,  51
 369600.424224 ,  51
 369600.424546 ,  48
 369600.424726 ,  48
 369600.425069 ,  29
 369600.426076 ,  52
 369600.426321 ,  32
 369600.428197 ,  49
 369600.428881 ,  339
 369600.428923 ,  52
 369600.429188 ,  48
 369600.429667 ,  52
 369600.430614 ,  51
 369600.430887 ,  49
 369600.431280 ,  50
 369600.432140 ,  26
 369600.433275 ,  50
 369600.433948 ,  45
 369600.434105 ,  47
 369600.434567 ,  51
 369600.435188 ,  49
 369600.436039 ,  52
 369600.436668 ,  51
 369600.436896 ,  48
 369600.437264 ,  50
 369600.438024 ,  53
 369600.438287 ,  50
 369600.438450 ,  50
 369600.438602 ,  54
 369600.438761 ,  59
 369600.439622 ,  24
 369600.439858 ,  24
 369600.439956 ,  60
 369600.440172 ,  59
 369600.440550 ,  32
 369600.440948 ,  61
 369600.441382 ,  31
 369600.441516 ,  55
 369600.441733 ,  57
 369600.441985 ,  24
 369600.442836 ,  25
 369600.442970 ,  56
 369600.442976 ,  24
 369600.443188 ,  57
 369600.443892 ,  26
 369600.444419 ,  54
 369600.445096 ,  44
 369600.445468 ,  53
 369600.445673 ,  50
 369600.445840 ,  35
 369600.445944 ,  52
 369600.446153 ,  52
 369600.446286 ,  37
 369600.447178 ,  51
 369600.447370 ,  51
 369600.447568 ,  53
 369600.448320 ,  55
 369600.448892 ,  26
 369600.448949 ,  55
 369600.449563 ,  56
 369600.449983 ,  53
 369600.450141 ,  20
 369600.451162 ,  26
 369600.451345 ,  52
 369600.451630 ,  49
 369600.451825 ,  49
 369600.452689 ,  334
 369600.452794 ,  52
 369600.453378 ,  48
 369600.453971 ,  48
 369600.454487 ,  24
 369600.454516 ,  52
 369600.454736 ,  59
 369600.455548 ,  25
 369600.455611 ,  60
 369600.456042 ,  56
 369600.456102 ,  29
 369600.456401 ,  61
 369600.456930 ,  29
 369600.457085 ,  60
 369600.457422 ,  55
 369600.458456 ,  23
 369600.458481 ,  27
 369600.458751 ,  51
 369600.459084 ,  51
 369600.460324 ,  48
 369600.461105 ,  26
 369600.461116 ,  25
 369600.461290 ,  22
 369600.461378 ,  45
 369600.461679 ,  44
 369600.461910 ,  44
 369600.462940 ,  42
 369600.463188 ,  43
 369600.464004 ,  43
 369600.464239 ,  41
 369600.464430 ,  42
 369600.464617 ,  44
 369600.465700 ,  43
 369600.465943 ,  47
 369600.466087 ,  54
 369600.467279 ,  55
 369600.467526 ,  57
 369600.468263 ,  57
 369600.469827 ,  50
 369600.469972 ,  280
 369600.470325 ,  51
 369600.471181 ,  51
 369600.472485 ,  49
 369600.472814 ,  46
 369600.473645 ,  45
 369600.474031 ,  43
 369600.474342 ,  42
 369600.475164 ,  44
 369600.475467 ,  42
 369600.475797 ,  45
 369600.475949 ,  48
 369600.476457 ,  52
 369600.476600 ,  23
 369600.478280 ,  48
 369600.479571 ,  49
 369600.479753 ,  46
 369600.480007 ,  49
 369600.480199 ,  49
 369600.480476 ,  21
 369600.481282 ,  47
 369600.481743 ,  47
 369600.482782 ,  50
 369600.485267 ,  56
 369600.485491 ,  52
 369600.485676 ,  53
 369600.485686 ,  28
 369600.486318 ,  56
 369600.486859 ,  53
 369600.487122 ,  26
 369600.487904 ,  51
 369600.488049 ,  48
 369600.488070 ,  28
 369600.488537 ,  53
 369600.489332 ,  53
 369600.489589 ,  50
 369600.489701 ,  25
 369600.491242 ,  50
 369600.492130 ,  50
 369600.492316 ,  47
 369600.493347 ,  53
 369600.493939 ,  53
 369600.494649 ,  56
 369600.494753 ,  24
 369600.494959 ,  53
 369600.495351 ,  56
 369600.496071 ,  57
 369600.496461 ,  54
 369600.496992 ,  53
 369600.497102 ,  21
 369600.497816 ,  48
 369600.497999 ,  48
 369600.498025 ,  26
 369600.498963 ,  49
 369600.499135 ,  48
 369600.499352 ,  51
 369600.500350 ,  49
 369600.500725 ,  53
 369600.501657 ,  52
 369600.502509 ,  52
 369600.503069 ,  32
 369600.504143 ,  310
 369600.504210 ,  52
 369600.504501 ,  49
 369600.505462 ,  49
 369600.505742 ,  23
 369600.505876 ,  46
 369600.506411 ,  49
 369600.507135 ,  45
 369600.507392 ,  47
 369600.508756 ,  47
 369600.509342 ,  50
 369600.509637 ,  48
 369600.510697 ,  56
 369600.510980 ,  53
 369600.511251 ,  53
 369600.511643 ,  53
 369600.512053 ,  24
 369600.512510 ,  49
 369600.512586 ,  23
 369600.513105 ,  21
 369600.513443 ,  25
 369600.513497 ,  24
 369600.513614 ,  48
 369600.514875 ,  25
 369600.515623 ,  49
 369600.516335 ,  50
 369600.517224 ,  50
 369600.517571 ,  48
 369600.517904 ,  48
 369600.518077 ,  48
 369600.518831 ,  22
 369600.518900 ,  51
 369600.519068 ,  48
 369600.520170 ,  51
 369600.520388 ,  48
 369600.520671 ,  49
 369600.521736 ,  46
 369600.521795 ,  20
 369600.522680 ,  21
 369600.522703 ,  50
 369600.524017 ,  49
 369600.524373 ,  49
 369600.524564 ,  52
 369600.525100 ,  21
 369600.525385 ,  53
 369600.525483 ,  23
 369600.525644 ,  50
 369600.525751 ,  23
 369600.525965 ,  23
 369600.526525 ,  50
 369600.526827 ,  48
 369600.527682 ,  48
 369600.528310 ,  45
 369600.529937 ,  47
 369600.530672 ,  52
 369600.531092 ,  26
 369600.531957 ,  52
 369600.532524 ,  54
 369600.533284 ,  55
 369600.533664 ,  270
 369600.533895 ,  51
 369600.534453 ,  51
 369600.534941 ,  49
 369600.535194 ,  47
 369600.535964 ,  47
 369600.536540 ,  48
 369600.536937 ,  50
 369600.537320 ,  29
 369600.537413 ,  27
 369600.537677 ,  46
 369600.537895 ,  47
 369600.538795 ,  46
 369600.538985 ,  46
 369600.539228 ,  48
 369600.539330 ,  20
 369600.539584 ,  49
 369600.540241 ,  48
 369600.540448 ,  46
 369600.540730 ,  51
 369600.541100 ,  23
 369600.541424 ,  58
 369600.541842 ,  55
 369600.542576 ,  53
 369600.542990 ,  50
 369600.543740 ,  50
 369600.544211 ,  48
 369600.544634 ,  47
 369600.545106 ,  27
 369600.545256 ,  300
 369600.545349 ,  48
 369600.545551 ,  45
 369600.545780 ,  47
 369600.545872 ,  291
 369600.545933 ,  48
 369600.546763 ,  52
 369600.546954 ,  49
 369600.548056 ,  51
 369600.548268 ,  48
 369600.548579 ,  53
 369600.549223 ,  56
 369600.549622 ,  53
 369600.549909 ,  52
 369600.550928 ,  49
 369600.551099 ,  24
 369600.551886 ,  24
 369600.551886 ,  31
 369600.551968 ,  50
 369600.552167 ,  47
 369600.552365 ,  49
 369600.553465 ,  30
 369600.553682 ,  49
 369600.553882 ,  25
 369600.554898 ,  47
 369600.555071 ,  47
 369600.555314 ,  50
 369600.556048 ,  51
 369600.556249 ,  48
 369600.556446 ,  50
 369600.556596 ,  52
 369600.557258 ,  23
 369600.557761 ,  52
 369600.557935 ,  51
 369600.558129 ,  23
 369600.558579 ,  23
 369600.558720 ,  54
 369600.559205 ,  22
 369600.559251 ,  51
 369600.559952 ,  23
 369600.560114 ,  53
 369600.560498 ,  52
 369600.561469 ,  51
 369600.561699 ,  50
 369600.562304 ,  51
 369600.562910 ,  49
 369600.563111 ,  49
 369600.563861 ,  51
 369600.564180 ,  34
 369600.564370 ,  49
 369600.565109 ,  19
 369600.565390 ,  45
 369600.566363 ,  27
 369600.567540 ,  33
 369600.567846 ,  44
 369600.568321 ,  27
 369600.568990 ,  44
 369600.569253 ,  42
 369600.569516 ,  26
 369600.570015 ,  49
 369600.570718 ,  30
 369600.570727 ,  46
 369600.571689 ,  48
 369600.571878 ,  45
 369600.572013 ,  47
 369600.572757 ,  33
 369600.572812 ,  24
 369600.574164 ,  32
 369600.574373 ,  47
 369600.574644 ,  47
 369600.575921 ,  48
 369600.576753 ,  51
 369600.577189 ,  49
 369600.577337 ,  32
 369600.577935 ,  50
 369600.578232 ,  47
 369600.578438 ,  47
 369600.579470 ,  52
 369600.579592 ,  28
 369600.580506 ,  53
 369600.580900 ,  50
 369600.582132 ,  47
 369600.582521 ,  21
 369600.583048 ,  48
 369600.584454 ,  45
 369600.584974 ,  42
 369600.585513 ,  41
 369600.585991 ,  40
 369600.586350 ,  47
 369600.587455 ,  46
 369600.588252 ,  46
 369600.588388 ,  43
 369600.588568 ,  48
 369600.589399 ,  49
 369600.589647 ,  46
 369600.589856 ,  46
 369600.590759 ,  51
 369600.591015 ,  48
 369600.591837 ,  277
 369600.592187 ,  48
 369600.592471 ,  48
 369600.593252 ,  47
 369600.593270 ,  22
 369600.593494 ,  44
 369600.593679 ,  45
 369600.594284 ,  47
 369600.594608 ,  45
 369600.595567 ,  268
 369600.595866 ,  42
 369600.597424 ,  47
 369600.598050 ,  50
 369600.598468 ,  47
 369600.598690 ,  46
 369600.599451 ,  47
 369600.599807 ,  45
 369600.599969 ,  49
 369600.600690 ,  53
 369600.600989 ,  50
 369600.601202 ,  49
 369600.602182 ,  47
 369600.602354 ,  48
 369600.603077 ,  51
 369600.603346 ,  48
 369600.603456 ,  27
 369600.603606 ,  48
 369600.604290 ,  48
 369600.604606 ,  45
 369600.605086 ,  49
 369600.606074 ,  45
 369600.606454 ,  21
 369600.607157 ,  44
 369600.608420 ,  41
 369600.608556 ,  28
 369600.608604 ,  41
 369600.609102 ,  43
 369600.609468 ,  41
 369600.609811 ,  43
 369600.610915 ,  44
 369600.611112 ,  43
 369600.611420 ,  45
 369600.611950 ,  23
 369600.612004 ,  45
 369600.612244 ,  43
 369600.612272 ,  19
 369600.612888 ,  44
 369600.613106 ,  19
 369600.613268 ,  41
 369600.613411 ,  23
 369600.614340 ,  47
 369600.614372 ,  278
 369600.614572 ,  44
 369600.615738 ,  43
 369600.617103 ,  19
 369600.617262 ,  24
 369600.617324 ,  44
 369600.617886 ,  44
 369600.618255 ,  42
 369600.618482 ,  42
 369600.619058 ,  21
 369600.619324 ,  43
 369600.619457 ,  40
 369600.619637 ,  45
 369600.620020 ,  48
 369600.620940 ,  19
 369600.621237 ,  46
 369600.622006 ,  43
 369600.622118 ,  280
 369600.622167 ,  43
 369600.622757 ,  21
 369600.622973 ,  46
 369600.623282 ,  43
 369600.624232 ,  21
 369600.625598 ,  23
 369600.626443 ,  45
 369600.626666 ,  28
 369600.627784 ,  44
 369600.627915 ,  20
 369600.628003 ,  42
 369600.628139 ,  20
 369600.628885 ,  21
 369600.629269 ,  42
 369600.629486 ,  46
 369600.630078 ,  47
 369600.630435 ,  45
 369600.631309 ,  46
 369600.631567 ,  271
 369600.631790 ,  44
 369600.632877 ,  45
 369600.633728 ,  45
 369600.634211 ,  23
 369600.635001 ,  43
 369600.635218 ,  22
 369600.635271 ,  41
 369600.635490 ,  41
 369600.636416 ,  21
 369600.636646 ,  43
 369600.637544 ,  44
 369600.637730 ,  42
 369600.637882 ,  23
 369600.638647 ,  45
 369600.639029 ,  45
 369600.639166 ,  48
 369600.639809 ,  53
 369600.640340 ,  50
 369600.640737 ,  50
 369600.641235 ,  26
 369600.641420 ,  48
 369600.642310 ,  45
 369600.643664 ,  43
 369600.643909 ,  41
 369600.644031 ,  36
 369600.644689 ,  41
 369600.645096 ,  40
 369600.645447 ,  42
 369600.645912 ,  42
 369600.646085 ,  41
 369600.647384 ,  41
 369600.647535 ,  24
 369600.648311 ,  43
 369600.649309 ,  40
 369600.649361 ,  7
 369600.649383 ,  327
 369600.649547 ,  27
 369600.649641 ,  38
 369600.649793 ,  38
 369600.649818 ,  22
 369600.649951 ,  41
 369600.650372 ,  44
 369600.650921 ,  43
 369600.651105 ,  41
 369600.651204 ,  43
 369600.651329 ,  52
 369600.651471 ,  59
 369600.652299 ,  65
 369600.652579 ,  61
 369600.652994 ,  65
 369600.653162 ,  26
 369600.654281 ,  67
 369600.654324 ,  636
 369600.654438 ,  74
 369600.654690 ,  80
 369600.655620 ,  80
 369600.655826 ,  33
 369600.655853 ,  74
 369600.656509 ,  28
 369600.656902 ,  75
 369600.657161 ,  66
 369600.657376 ,  66
 369600.658108 ,  68
 369600.658490 ,  64
 369600.658720 ,  62
 369600.659550 ,  63
 369600.659998 ,  60
 369600.660178 ,  61
 369600.661059 ,  64
 369600.661525 ,  58
 369600.661713 ,  63
 369600.662266 ,  66
 369600.662768 ,  63
 369600.662964 ,  60
 369600.663899 ,  66
 369600.664206 ,  62
 369600.664364 ,  62
 369600.664500 ,  67
 369600.664925 ,  74
 369600.665538 ,  69
 369600.665985 ,  66
 369600.668311 ,  60
 369600.668664 ,  59
 369600.669036 ,  64
 369600.669675 ,  62
 369600.670015 ,  62
 369600.670043 ,  30
 369600.670282 ,  67
 369600.671087 ,  49
 369600.671112 ,  67
 369600.671336 ,  62
 369600.672333 ,  64
 369600.673270 ,  65
 369600.673999 ,  59
 369600.674380 ,  61
 369600.675268 ,  60
 369600.675451 ,  70
 369600.676254 ,  74
 369600.676588 ,  69
 369600.676760 ,  68
 369600.677108 ,  28
 369600.677688 ,  185
 369600.677763 ,  66
 369600.677795 ,  37
 369600.677880 ,  64
 369600.678033 ,  73
 369600.678745 ,  79
 369600.679493 ,  76
 369600.680337 ,  79
 369600.680704 ,  151
 369600.681365 ,  77
 369600.681957 ,  70
 369600.682131 ,  72
 369600.683133 ,  78
 369600.683524 ,  74
 369600.684401 ,  79
 369600.685546 ,  76
 369600.685588 ,  135
 369600.685594 ,  28
 369600.685822 ,  126
 369600.685863 ,  71
 369600.685920 ,  42
 369600.686923 ,  71
 369600.687116 ,  66
 369600.687300 ,  69
 369600.688035 ,  178
 369600.688557 ,  68
 369600.689109 ,  26
 369600.689363 ,  74
 369600.689727 ,  70
 369600.690656 ,  71
 369600.690683 ,  155
 369600.690779 ,  46
 369600.690884 ,  66
 369600.692023 ,  82
 369600.692525 ,  77
 369600.693301 ,  74
 369600.693663 ,  72
 369600.694294 ,  76
 369600.694679 ,  72
 369600.695582 ,  84
 369600.696016 ,  79
 369600.696252 ,  76
 369600.696313 ,  29
 369600.696912 ,  77
 369600.697245 ,  71
 369600.697378 ,  70
 369600.698337 ,  83
 369600.698705 ,  80
 369600.699723 ,  79
 369600.699974 ,  78
 369600.701011 ,  73
 369600.701467 ,  72
 369600.702135 ,  74
 369600.702436 ,  74
 369600.702834 ,  81
 369600.703391 ,  78
 369600.703600 ,  74
 369600.704046 ,  76
 369600.704576 ,  73
 369600.704719 ,  69
 369600.704847 ,  76
 369600.705445 ,  83
 369600.705780 ,  78
 369600.706128 ,  146
 369600.706641 ,  83
 369600.707224 ,  186
 369600.707463 ,  83
 369600.708416 ,  80
 369600.709431 ,  75
 369600.709623 ,  78
 369600.710361 ,  81
 369600.711442 ,  84
 369600.711723 ,  78
 369600.711950 ,  78
 369600.712636 ,  79
 369600.712691 ,  165
 369600.712944 ,  74
 369600.713131 ,  72
 369600.713649 ,  75
 369600.714020 ,  71
 369600.714553 ,  73
 369600.715262 ,  68
 369600.715414 ,  74
 369600.716149 ,  80
 369600.716345 ,  75
 369600.717497 ,  73
 369600.718542 ,  92
 369600.718934 ,  89
 369600.719687 ,  92
 369600.719994 ,  86
 369600.720608 ,  85
 369600.721173 ,  77
 369600.722000 ,  80
 369600.722291 ,  76
 369600.724382 ,  73
 369600.724399 ,  157
 369600.724525 ,  78
 369600.724743 ,  86
 369600.724779 ,  30
 369600.725404 ,  85
 369600.725639 ,  80
 369600.725800 ,  81
 369600.726712 ,  37
 369600.727654 ,  87
 369600.727873 ,  81
 369600.728036 ,  83
 369600.729651 ,  175
 369600.729814 ,  83
 369600.730041 ,  77
 369600.730185 ,  78
 369600.731166 ,  80
 369600.732134 ,  80
 369600.732333 ,  75
 369600.732693 ,  78
 369600.733682 ,  89
 369600.734611 ,  86
 369600.735364 ,  89
 369600.735478 ,  157
 369600.735756 ,  84
 369600.736474 ,  91
 369600.737657 ,  85
 369600.737934 ,  80
 369600.738811 ,  75
 369600.739723 ,  83
 369600.739942 ,  78
 369600.741105 ,  78
 369600.741286 ,  76
 369600.742710 ,  81
 369600.743432 ,  75
 369600.743643 ,  77
 369600.744513 ,  74
 369600.744748 ,  76
 369600.745614 ,  71
 369600.745989 ,  73
 369600.746239 ,  180
 369600.746389 ,  177
 369600.746692 ,  68
 369600.747584 ,  66
 369600.747885 ,  71
 369600.748570 ,  77
 369600.748789 ,  72
 369600.748955 ,  74
 369600.749656 ,  77
 369600.749831 ,  72
 369600.750666 ,  78
 369600.751088 ,  74
 369600.751725 ,  78
 369600.751982 ,  73
 369600.752833 ,  77
 369600.753792 ,  166
 369600.753970 ,  156
 369600.754008 ,  71
 369600.754523 ,  86
 369600.755062 ,  84
 369600.755130 ,  162
 369600.755244 ,  80
 369600.755880 ,  84
 369600.756147 ,  79
 369600.756287 ,  79
 369600.756913 ,  87
 369600.757253 ,  80
 369600.757443 ,  79
 369600.758056 ,  82
 369600.758513 ,  77
 369600.759086 ,  178
 369600.759174 ,  81
 369600.759398 ,  76
 369600.759551 ,  77
 369600.760212 ,  83
 369600.760510 ,  78
 369600.761081 ,  78
 369600.761274 ,  41
 369600.761319 ,  73
 369600.761514 ,  74
 369600.761718 ,  77
 369600.762547 ,  75
 369600.762725 ,  79
 369600.763749 ,  29
 369600.763980 ,  84
 369600.764504 ,  81
 369600.764703 ,  77
 369600.764774 ,  70
 369600.765254 ,  78
 369600.765428 ,  30
 369600.765580 ,  74
 369600.765763 ,  73
 369600.765936 ,  77
 369600.766557 ,  82
 369600.766992 ,  80
 369600.767145 ,  174
 369600.767647 ,  81
 369600.767827 ,  76
 369600.768015 ,  80
 369600.768731 ,  84
 369600.768992 ,  78
 369600.769689 ,  77
 369600.770701 ,  81
 369600.770764 ,  89
 369600.770931 ,  76
 369600.771194 ,  77
 369600.771699 ,  39
 369600.772331 ,  74
 369600.772858 ,  73
 369600.773114 ,  27
 369600.774066 ,  69
 369600.774280 ,  70
 369600.775124 ,  68
 369600.775328 ,  72
 369600.776698 ,  80
 369600.777092 ,  77
 369600.777337 ,  166
 369600.777821 ,  74
 369600.778387 ,  70
 369600.780206 ,  80
 369600.780432 ,  75
 369600.780650 ,  76
 369600.781298 ,  76
 369600.781465 ,  71
 369600.781634 ,  76
 369600.782303 ,  81
 369600.782420 ,  37
 369600.782488 ,  76
 369600.782675 ,  80
 369600.784090 ,  79
 369600.784560 ,  76
 369600.785588 ,  70
 369600.785757 ,  71
 369600.786101 ,  76
 369600.786591 ,  75
 369600.786986 ,  75
 369600.787627 ,  77
 369600.787934 ,  79
 369600.788660 ,  85
 369600.789399 ,  78
 369600.790195 ,  34
 369600.790664 ,  191
 369600.790998 ,  75
 369600.791228 ,  81
 369600.791926 ,  82
 369600.792734 ,  80
 369600.792748 ,  183
 369600.793124 ,  160
 369600.793209 ,  73
 369600.793800 ,  75
 369600.795041 ,  71
 369600.795249 ,  67
 369600.795258 ,  38
 369600.796940 ,  74
 369600.797115 ,  23
 369600.799169 ,  80
 369600.799330 ,  82
 369600.800042 ,  88
 369600.800298 ,  82
 369600.800984 ,  82
 369600.801423 ,  75
 369600.802080 ,  79
 369600.802276 ,  74
 369600.803378 ,  71
 369600.804648 ,  76
 369600.805244 ,  75
 369600.805445 ,  71
 369600.805805 ,  73
 369600.806344 ,  71
 369600.807179 ,  69
 369600.807367 ,  65
 369600.808381 ,  65
 369600.809247 ,  69
 369600.809363 ,  156
 369600.809557 ,  69
 369600.810036 ,  77
 369600.810550 ,  73
 369600.811229 ,  76
 369600.811429 ,  71
 369600.811518 ,  185
 369600.811607 ,  74
 369600.813165 ,  74
 369600.813415 ,  70
 369600.813629 ,  70
 369600.814207 ,  72
 369600.814254 ,  190
 369600.814444 ,  68
 369600.814634 ,  69
 369600.815068 ,  72
 369600.815523 ,  69
 369600.815710 ,  66
 369600.816316 ,  69
 369600.816324 ,  178
 369600.816552 ,  65
 369600.816703 ,  66
 369600.818462 ,  75
 369600.818691 ,  72
 369600.819248 ,  73
 369600.819316 ,  169
 369600.819581 ,  69
 369600.820613 ,  68
 369600.820812 ,  68
 369600.821118 ,  172
 369600.821448 ,  70
 369600.821666 ,  66
 369600.822410 ,  42
 369600.822633 ,  67
 369600.822821 ,  74
 369600.823526 ,  77
 369600.824684 ,  68
 369600.824873 ,  70
 369600.825384 ,  164
 369600.825448 ,  71
 369600.825592 ,  67
 369600.825753 ,  73
 369600.826343 ,  78
 369600.826661 ,  74
 369600.826892 ,  73
 369600.826961 ,  23
 369600.827512 ,  74
 369600.827754 ,  70
 369600.828369 ,  71
 369600.828601 ,  67
 369600.828865 ,  68
 369600.829428 ,  67
 369600.829685 ,  64
 369600.829730 ,  157
 369600.829851 ,  64
 369600.830626 ,  65
 369600.830792 ,  66
 369600.831418 ,  71
 369600.831930 ,  75
 369600.832581 ,  23
 369600.832858 ,  78
 369600.833337 ,  78
 369600.833734 ,  75
 369600.834542 ,  77
 369600.834560 ,  167
 369600.834971 ,  72
 369600.835625 ,  76
 369600.835869 ,  71
 369600.836686 ,  70
 369600.837360 ,  71
 369600.839051 ,  166
 369600.839650 ,  81
 369600.839912 ,  76
 369600.840529 ,  76
 369600.840784 ,  72
 369600.841846 ,  80
 369600.842333 ,  90
 369600.842774 ,  86
 369600.842942 ,  83
 369600.843889 ,  83
 369600.844455 ,  82
 369600.844806 ,  78
 369600.844954 ,  76
 369600.845851 ,  81
 369600.846418 ,  78
 369600.846889 ,  76
 369600.847686 ,  80
 369600.848059 ,  77
 369600.848698 ,  203
 369600.849013 ,  77
 369600.849487 ,  77
 369600.849843 ,  74
 369600.850002 ,  72
 369600.850163 ,  77
 369600.850773 ,  83
 369600.850810 ,  30
 369600.851182 ,  78
 369600.852060 ,  81
 369600.852244 ,  79
 369600.852939 ,  83
 369600.853346 ,  78
 369600.853894 ,  81
 369600.854356 ,  79
 369600.854981 ,  28
 369600.855199 ,  75
 369600.855376 ,  76
 369600.856254 ,  75
 369600.856709 ,  76
 369600.857555 ,  73
 369600.857734 ,  159
 369600.858420 ,  74
 369600.859028 ,  78
 369600.859236 ,  74
 369600.859470 ,  76
 369600.859966 ,  155
 369600.859971 ,  37
 369600.860125 ,  77
 369600.860378 ,  72
 369600.861025 ,  72
 369600.861268 ,  67
 369600.861289 ,  139
 369600.861918 ,  75
 369600.862228 ,  72
 369600.862630 ,  36
 369600.863269 ,  74
 369600.863502 ,  71
 369600.864334 ,  69
 369600.865100 ,  77
 369600.865120 ,  32
 369600.865379 ,  71
 369600.866252 ,  72
 369600.866420 ,  68
 369600.866563 ,  73
 369600.867443 ,  75
 369600.868580 ,  74
 369600.869276 ,  71
 369600.869413 ,  67
 369600.869591 ,  74
 369600.870899 ,  73
 369600.871353 ,  71
 369600.871504 ,  68
 369600.871673 ,  74
 369600.872352 ,  79
 369600.872485 ,  31
 369600.872508 ,  74
 369600.873055 ,  80
 369600.873636 ,  73
 369600.874180 ,  73
 369600.874438 ,  69
 369600.874659 ,  69
 369600.875343 ,  38
 369600.875502 ,  68
 369600.875679 ,  67
 369600.875826 ,  168
 369600.876232 ,  71
 369600.876531 ,  67
 369600.876680 ,  67
 369600.876860 ,  73
 369600.877715 ,  71
 369600.877904 ,  71
 369600.878582 ,  74
 369600.879255 ,  75
 369600.879621 ,  71
 369600.879809 ,  69
 369600.880403 ,  72
 369600.880645 ,  68
 369600.880905 ,  69
 369600.881488 ,  68
 369600.882777 ,  73
 369600.883411 ,  78
 369600.883595 ,  73
 369600.883782 ,  77
 369600.884364 ,  81
 369600.884557 ,  76
 369600.885158 ,  77
 369600.885577 ,  73
 369600.885747 ,  81
 369600.886363 ,  86
 369600.887308 ,  82
 369600.887530 ,  77
 369600.887979 ,  79
 369600.888390 ,  76
 369600.888655 ,  74
 369600.889444 ,  68
 369600.889613 ,  75
 369600.890358 ,  147
 369600.890503 ,  75
 369600.891403 ,  75
 369600.891616 ,  70
 369600.892141 ,  72
 369600.892377 ,  69
 369600.893120 ,  29
 369600.893450 ,  70
 369600.894112 ,  70
 369600.894354 ,  67
 369600.894599 ,  26
 369600.895159 ,  69
 369600.895354 ,  65
 369600.896517 ,  73
 369600.896839 ,  76
 369600.897388 ,  74
 369600.897951 ,  76
 369600.898398 ,  73
 369600.898614 ,  70
 369600.899253 ,  72
 369600.899406 ,  68
 369600.899545 ,  74
 369600.900001 ,  82
 369600.900453 ,  79
 369600.901388 ,  75
 369600.901552 ,  70
 369600.901555 ,  141
 369600.901696 ,  75
 369600.902350 ,  82
 369600.902926 ,  83
 369600.903409 ,  80
 369600.903881 ,  80
 369600.904330 ,  170
 369600.904333 ,  27
 369600.904486 ,  80
 369600.904761 ,  75
 369600.905426 ,  73
 369600.905517 ,  36
 369600.905599 ,  25
 369600.908476 ,  164
 369600.908488 ,  72
 369600.908502 ,  31
 369600.908664 ,  74
 369600.909592 ,  165
 369600.909941 ,  78
 369600.910440 ,  152
 369600.910472 ,  164
 369600.910630 ,  73
 369600.911275 ,  75
 369600.911446 ,  165
 369600.911498 ,  71
 369600.912010 ,  72
 369600.912153 ,  176
 369600.912166 ,  27
 369600.912315 ,  69
 369600.912362 ,  163
 369600.913154 ,  70
 369600.913231 ,  23
 369600.913314 ,  66
 369600.913475 ,  71
 369600.914124 ,  76
 369600.915066 ,  89
 369600.915941 ,  82
 369600.916415 ,  25
 369600.916481 ,  76
 369600.917356 ,  72
 369600.917720 ,  73
 369600.918198 ,  71
 369600.918360 ,  68
 369600.919911 ,  75
 369600.920057 ,  170
 369600.920265 ,  71
 369600.920469 ,  155
 369600.921154 ,  69
 369600.921457 ,  70
 369600.922006 ,  77
 369600.922237 ,  73
 369600.923100 ,  77
 369600.923423 ,  72
 369600.924001 ,  71
 369600.924217 ,  67
 369600.924520 ,  69
 369600.925026 ,  69
 369600.925221 ,  66
 369600.925368 ,  69
 369600.925910 ,  75
 369600.925940 ,  164
 369600.927071 ,  66
 369600.927864 ,  74
 369600.927875 ,  71
 369600.928355 ,  70
 369600.928936 ,  71
 369600.929062 ,  67
 369600.929108 ,  145
 369600.929255 ,  74
 369600.930252 ,  73
 369600.930787 ,  80
 369600.931239 ,  76
 369600.931925 ,  80
 369600.932068 ,  75
 369600.932279 ,  82
 369600.932309 ,  168
 369600.932963 ,  84
 369600.933209 ,  77
 369600.934044 ,  74
 369600.934458 ,  74
 369600.935056 ,  72
 369600.935205 ,  29
 369600.935254 ,  68
 369600.935855 ,  71
 369600.936235 ,  69
 369600.936652 ,  73
 369600.937174 ,  68
 369600.937451 ,  74
 369600.937997 ,  74
 369600.938105 ,  170
 369600.938831 ,  72
 369600.939004 ,  68
 369600.939183 ,  72
 369600.939274 ,  166
 369600.939864 ,  37
 369600.939885 ,  76
 369600.940803 ,  72
 369600.940975 ,  68
 369600.941672 ,  76
 369600.941938 ,  72
 369600.942593 ,  72
 369600.942992 ,  68
 369600.943813 ,  71
 369600.943920 ,  75
 369600.945378 ,  79
 369600.945769 ,  75
 369600.945964 ,  73
 369600.946615 ,  76
 369600.946910 ,  71
 369600.947610 ,  71
 369600.948348 ,  68
 369600.948645 ,  65
 369600.948796 ,  65
 369600.949298 ,  69
 369600.949541 ,  66
 369600.949701 ,  67
 369600.949792 ,  27
 369600.950496 ,  82
 369600.950655 ,  77
 369600.950842 ,  83
 369600.951537 ,  87
 369600.952692 ,  77
 369600.953280 ,  76
 369600.953546 ,  72
 369600.953736 ,  27
 369600.954196 ,  87
 369600.954259 ,  180
 369600.954404 ,  69
 369600.955391 ,  78
 369600.955659 ,  73
 369600.956070 ,  73
 369600.956264 ,  159
 369600.956505 ,  71
 369600.956699 ,  68
 369600.956904 ,  163
 369600.957226 ,  70
 369600.957571 ,  152
 369600.958285 ,  71
 369600.958626 ,  73
 369600.959204 ,  76
 369600.959619 ,  72
 369600.960595 ,  72
 369600.961224 ,  70
 369600.961483 ,  148
 369600.961574 ,  67
 369600.961839 ,  76
 369600.962360 ,  76
 369600.963130 ,  74
 369600.963413 ,  70
 369600.963926 ,  70
 369600.964217 ,  67
 369600.964387 ,  67
 369600.964965 ,  71
 369600.965281 ,  66
 369600.966281 ,  65
 369600.966488 ,  65
 369600.967115 ,  67
 369600.967320 ,  147
 369600.967330 ,  63
 369600.968079 ,  65
 369600.968968 ,  43
 369600.969049 ,  65
 369600.969768 ,  65
 369600.970084 ,  62
 369600.970794 ,  68
 369600.971305 ,  64
 369600.971877 ,  68
 369600.972464 ,  66
 369600.973077 ,  62
 369600.973348 ,  142
 369600.973610 ,  65
 369600.973821 ,  144
 369600.973892 ,  62
 369600.974080 ,  62
 369600.974221 ,  65
 369600.974796 ,  72
 369600.975171 ,  75
 369600.975201 ,  150
 369600.975670 ,  157
 369600.975951 ,  72
 369600.977338 ,  75
 369600.977619 ,  71
 369600.977835 ,  71
 369600.978366 ,  73
 369600.978438 ,  174
 369600.978670 ,  69
 369600.978873 ,  69
 369600.979069 ,  27
 369600.979436 ,  71
 369600.979649 ,  67
 369600.979942 ,  69
 369600.980579 ,  69
 369600.980766 ,  65
 369600.981314 ,  67
 369600.981538 ,  64
 369600.981716 ,  65
 369600.982553 ,  65
 369600.982739 ,  65
 369600.983260 ,  68
 369600.983369 ,  45
 369600.983554 ,  65
 369600.984387 ,  68
 369600.984531 ,  64
 369600.984670 ,  155
 369600.984761 ,  70
 369600.985150 ,  34
 369600.985168 ,  33
 369600.985182 ,  86
 369600.985205 ,  265
 369600.985245 ,  599
 369600.985493 ,  58
 369600.985507 ,  131
 369600.985511 ,  121
 369600.985537 ,  1
 369600.985542 ,  1
 369600.985544 ,  1
 369600.985546 ,  16
 369600.985708 ,  65
 369600.986148 ,  32
 369600.986190 ,  30
 369600.986327 ,  28
 369600.986366 ,  140
 369600.986438 ,  60
 369600.986572 ,  50
 369600.986603 ,  97
 369600.986770 ,  84
 369600.986863 ,  97
 369600.987016 ,  247
 369600.987088 ,  64
 369600.987193 ,  76
 369600.987406 ,  103
 369600.987681 ,  67
 369600.987686 ,  100
 369600.988114 ,  100
 369600.988983 ,  96
 369600.989265 ,  90
 369600.989890 ,  212
 369600.989980 ,  322
 369600.991119 ,  82
 369600.991336 ,  78
 369600.992200 ,  75
 369600.992829 ,  76
 369600.993200 ,  72
 369600.993624 ,  78
 369600.994212 ,  73
 369600.995056 ,  70
 369600.996014 ,  83
 369600.996294 ,  78
 369600.996301 ,  196
 369600.996906 ,  78
 369600.997010 ,  42
 369600.997347 ,  72
 369600.997981 ,  76
 369600.998543 ,  72
 369600.999060 ,  71
 369600.999248 ,  68
 369600.999980 ,  32
 369601.000079 ,  67
 369601.000613 ,  67
 369601.000906 ,  64
 369601.001114 ,  64
 369601.001685 ,  65
 369601.001912 ,  62
 369601.002061 ,  63
 369601.002898 ,  66
 369601.003004 ,  66
 369601.003279 ,  78
 369601.003673 ,  157
 369601.003871 ,  47
 369601.004096 ,  74
 369601.004666 ,  75
 369601.004905 ,  71
 369601.005699 ,  72
 369601.006117 ,  46
 369601.006482 ,  72
 369601.006780 ,  68
 369601.007007 ,  68
 369601.007835 ,  65
 369601.007930 ,  192
 369601.007967 ,  134
 369601.008614 ,  76
 369601.008874 ,  72
 369601.009421 ,  70
 369601.009524 ,  29
 369601.009988 ,  74
 369601.010937 ,  78
 369601.011057 ,  370
 369601.011462 ,  78
 369601.011765 ,  74
 369601.012945 ,  72
 369601.013542 ,  70
 369601.014347 ,  66
 369601.014396 ,  44
 369601.015655 ,  66
 369601.016038 ,  29
 369601.016636 ,  29
 369601.017020 ,  65
 369601.018030 ,  63
 369601.018473 ,  62
 369601.018648 ,  60
 369601.019168 ,  64
 369601.019383 ,  177
 369601.019482 ,  61
 369601.020469 ,  60
 369601.020541 ,  146
 369601.021108 ,  63
 369601.021398 ,  58
 369601.022216 ,  63
 369601.022394 ,  59
 369601.022538 ,  62
 369601.023323 ,  65
 369601.024089 ,  22
 369601.024140 ,  68
 369601.024388 ,  64
 369601.024583 ,  64
 369601.025176 ,  25
 369601.025226 ,  66
 369601.025402 ,  62
 369601.026355 ,  63
 369601.026942 ,  65
 369601.027265 ,  62
 369601.027849 ,  61
 369601.029165 ,  56
 369601.029950 ,  55
 369601.030111 ,  55
 369601.030700 ,  59
 369601.031042 ,  58
 369601.031163 ,  65
 369601.031791 ,  74
 369601.032023 ,  70
 369601.032936 ,  68
 369601.033901 ,  61
 369601.034864 ,  61
 369601.035022 ,  62
 369601.035139 ,  52
 369601.035682 ,  67
 369601.035870 ,  63
 369601.036673 ,  75
 369601.036898 ,  70
 369601.037365 ,  52
 369601.037391 ,  1
 369601.037407 ,  70
 369601.037648 ,  69
 369601.037889 ,  65
 369601.038056 ,  66
 369601.038446 ,  70
 369601.038795 ,  68
 369601.038799 ,  173
 369601.038804 ,  47
 369601.039044 ,  67
 369601.039202 ,  67
 369601.041293 ,  74
 369601.041481 ,  70
 369601.042098 ,  73
 369601.043158 ,  73
 369601.043462 ,  69
 369601.043656 ,  69
 369601.043995 ,  72
 369601.044070 ,  123
 369601.044634 ,  71
 369601.044755 ,  28
 369601.044830 ,  67
 369601.045637 ,  70
 369601.046163 ,  29
 369601.046706 ,  111
 369601.046789 ,  72
 369601.046983 ,  67
 369601.047840 ,  74
 369601.048184 ,  69
 369601.048208 ,  117
 369601.050294 ,  80
 369601.050624 ,  75
 369601.051523 ,  79
 369601.051781 ,  74
 369601.051966 ,  74
 369601.052669 ,  78
 369601.052694 ,  123
 369601.053650 ,  72
 369601.054853 ,  68
 369601.055094 ,  64
 369601.055173 ,  84
 369601.055910 ,  69
 369601.056911 ,  68
 369601.057288 ,  63
 369601.057468 ,  62
 369601.057522 ,  135
 369601.057612 ,  65
 369601.058265 ,  71
 369601.058474 ,  67
 369601.058834 ,  69
 369601.059409 ,  68
 369601.059627 ,  64
 369601.059977 ,  66
 369601.060672 ,  62
 369601.060873 ,  66
 369601.061664 ,  64
 369601.061767 ,  110
 369601.061807 ,  65
 369601.062176 ,  72
 369601.062700 ,  70
 369601.062951 ,  67
 369601.063150 ,  67
 369601.064327 ,  67
 369601.065054 ,  68
 369601.065274 ,  63
 369601.065424 ,  64
 369601.066235 ,  74
 369601.066406 ,  70
 369601.066564 ,  74
 369601.067503 ,  75
 369601.067687 ,  77
 369601.067898 ,  81
 369601.068614 ,  83
 369601.068627 ,  143
 369601.068797 ,  77
 369601.069029 ,  81
 369601.069682 ,  80
 369601.069936 ,  75
 369601.070806 ,  82
 369601.071062 ,  77
 369601.071739 ,  77
 369601.071858 ,  39
 369601.072000 ,  72
 369601.072743 ,  134
 369601.073105 ,  67
 369601.073293 ,  69
 369601.073946 ,  72
 369601.074924 ,  129
 369601.074932 ,  133
 369601.075004 ,  72
 369601.075453 ,  69
 369601.076214 ,  147
 369601.076405 ,  69
 369601.076646 ,  118
 369601.076990 ,  80
 369601.077393 ,  74
 369601.077582 ,  72
 369601.078146 ,  75
 369601.078286 ,  25
 369601.078597 ,  71
 369601.079505 ,  77
 369601.079696 ,  72
 369601.080292 ,  75
 369601.080698 ,  119
 369601.081414 ,  72
 369601.081596 ,  131
 369601.081609 ,  68
 369601.081810 ,  71
 369601.082458 ,  74
 369601.082702 ,  70
 369601.082963 ,  26
 369601.083524 ,  79
 369601.083812 ,  74
 369601.083959 ,  93
 369601.083976 ,  74
 369601.084559 ,  79
 369601.084667 ,  137
 369601.085676 ,  76
 369601.088071 ,  88
 369601.088137 ,  69
 369601.089115 ,  69
 369601.090907 ,  74
 369601.090925 ,  148
 369601.091196 ,  70
 369601.091411 ,  142
 369601.091414 ,  70
 369601.092057 ,  72
 369601.092189 ,  68
 369601.092390 ,  76
 369601.093017 ,  79
 369601.093893 ,  125
 369601.094064 ,  79
 369601.094438 ,  29
 369601.095413 ,  71
 369601.095945 ,  73
 369601.096273 ,  69
 369601.096451 ,  68
 369601.097276 ,  68
 369601.097509 ,  39
 369601.098182 ,  87
 369601.098652 ,  83
 369601.099323 ,  84
 369601.099532 ,  79
 369601.100339 ,  45
 369601.100431 ,  80
 369601.101361 ,  75
 369601.101542 ,  70
 369601.102252 ,  80
 369601.102513 ,  76
 369601.102757 ,  76
 369601.103366 ,  77
 369601.103536 ,  73
 369601.103666 ,  132
 369601.103689 ,  78
 369601.104298 ,  85
 369601.104616 ,  80
 369601.105641 ,  131
 369601.106177 ,  76
 369601.107336 ,  73
 369601.107645 ,  89
 369601.107904 ,  73
 369601.108594 ,  68
 369601.109632 ,  69
 369601.110428 ,  75
 369601.110660 ,  71
 369601.111479 ,  78
 369601.111679 ,  73
 369601.111879 ,  76
 369601.112174 ,  144
 369601.112722 ,  74
 369601.113712 ,  75
 369601.113942 ,  76
 369601.114524 ,  123
 369601.114580 ,  77
 369601.115707 ,  182
 369601.115734 ,  68
 369601.115946 ,  68
 369601.116756 ,  66
 369601.117692 ,  66
 369601.117847 ,  75
 369601.118398 ,  81
 369601.118553 ,  103
 369601.118944 ,  102
 369601.119518 ,  120
 369601.119678 ,  99
 369601.119702 ,  75
 369601.120564 ,  78
 369601.121559 ,  73
 369601.121732 ,  71
 369601.121939 ,  75
 369601.122461 ,  122
 369601.122547 ,  28
 369601.122720 ,  73
 369601.123115 ,  108
 369601.123797 ,  75
 369601.123932 ,  75
 369601.124795 ,  79
 369601.124877 ,  98
 369601.124974 ,  78
 369601.125578 ,  80
 369601.125618 ,  132
 369601.125880 ,  75
 369601.126102 ,  75
 369601.126773 ,  77
 369601.128314 ,  77
 369601.128800 ,  76
 369601.129562 ,  73
 369601.129829 ,  69
 369601.130620 ,  72
 369601.130999 ,  69
 369601.131592 ,  75
 369601.131772 ,  31
 369601.132013 ,  71
 369601.132621 ,  76
 369601.132900 ,  72
 369601.133670 ,  73
 369601.133765 ,  127
 369601.134147 ,  69
 369601.134649 ,  38
 369601.135051 ,  69
 369601.135650 ,  74
 369601.136098 ,  72
 369601.136741 ,  73
 369601.136923 ,  69
 369601.137153 ,  72
 369601.137891 ,  69
 369601.137902 ,  150
 369601.138230 ,  73
 369601.139619 ,  70
 369601.139897 ,  66
 369601.140040 ,  66
 369601.140631 ,  73
 369601.140849 ,  69
 369601.141083 ,  71
 369601.141609 ,  70
 369601.141859 ,  67
 369601.142518 ,  72
 369601.143510 ,  72
 369601.143847 ,  69
 369601.144005 ,  68
 369601.144506 ,  73
 369601.145344 ,  74
 369601.145762 ,  72
 369601.145936 ,  70
 369601.146504 ,  74
 369601.146813 ,  70
 369601.148129 ,  80
 369601.148798 ,  48
 369601.148806 ,  85
 369601.149075 ,  80
 369601.149138 ,  46
 369601.149900 ,  73
 369601.149947 ,  115
 369601.150703 ,  77
 369601.150951 ,  73
 369601.151637 ,  73
 369601.151879 ,  118
 369601.152069 ,  69
 369601.152641 ,  108
 369601.152645 ,  72
 369601.153623 ,  70
 369601.153986 ,  69
 369601.154841 ,  71
 369601.154990 ,  41
 369601.156084 ,  72
 369601.156090 ,  149
 369601.156119 ,  115
 369601.156673 ,  74
 369601.156793 ,  52
 369601.157578 ,  118
 369601.157652 ,  148
 369601.157667 ,  71
 369601.158615 ,  75
 369601.159742 ,  73
 369601.159929 ,  69
 369601.160064 ,  72
 369601.160684 ,  80
 369601.160874 ,  75
 369601.161748 ,  76
 369601.161799 ,  32
 369601.162000 ,  72
 369601.162620 ,  72
 369601.163547 ,  68
 369601.163736 ,  64
 369601.163912 ,  67
 369601.164149 ,  241
 369601.164456 ,  71
 369601.164891 ,  68
 369601.165261 ,  68
 369601.165663 ,  66
 369601.165843 ,  64
 369601.167337 ,  70
 369601.167586 ,  67
 369601.167748 ,  67
 369601.168550 ,  69
 369601.169289 ,  69
 369601.169397 ,  28
 369601.169610 ,  142
 369601.169864 ,  65
 369601.170394 ,  67
 369601.170687 ,  111
 369601.170691 ,  64
 369601.170886 ,  64
 369601.171456 ,  67
 369601.171631 ,  64
 369601.172420 ,  71
 369601.172681 ,  67
 369601.173222 ,  66
 369601.173471 ,  63
 369601.173630 ,  63
 369601.174209 ,  68
 369601.174402 ,  64
 369601.174477 ,  26
 369601.174617 ,  67
 369601.175176 ,  126
 369601.175249 ,  69
 369601.175434 ,  65
 369601.175918 ,  68
 369601.176285 ,  27
 369601.176384 ,  97
 369601.176989 ,  68
 369601.177107 ,  154
 369601.177391 ,  66
 369601.178319 ,  79
 369601.179117 ,  75
 369601.179172 ,  104
 369601.179853 ,  114
 369601.180066 ,  108
 369601.180151 ,  28
 369601.180166 ,  72
 369601.180746 ,  77
 369601.180947 ,  73
 369601.181123 ,  76
 369601.181252 ,  78
 369601.181955 ,  87
 369601.182152 ,  81
 369601.182307 ,  245
 369601.182861 ,  84
 369601.183710 ,  79
 369601.184987 ,  72
 369601.185188 ,  75
 369601.185763 ,  78
 369601.185953 ,  74
 369601.186509 ,  77
 369601.186804 ,  73
 369601.187562 ,  75
 369601.187921 ,  152
 369601.187939 ,  71
 369601.188965 ,  76
 369601.189512 ,  78
 369601.190009 ,  124
 369601.190655 ,  152
 369601.190666 ,  76
 369601.190994 ,  77
 369601.191800 ,  78
 369601.192135 ,  78
 369601.192826 ,  73
 369601.193334 ,  75
 369601.193541 ,  37
 369601.193689 ,  71
 369601.194639 ,  74
 369601.194849 ,  74
 369601.195434 ,  76
 369601.195467 ,  119
 369601.195851 ,  74
 369601.197336 ,  71
 369601.197515 ,  67
 369601.197685 ,  71
 369601.198248 ,  76
 369601.198466 ,  72
 369601.199334 ,  117
 369601.199448 ,  47
 369601.199589 ,  73
 369601.200394 ,  69
 369601.201155 ,  72
 369601.201530 ,  71
 369601.202123 ,  75
 369601.202281 ,  130
 369601.202302 ,  71
 369601.202835 ,  75
 369601.203037 ,  29
 369601.203294 ,  71
 369601.203317 ,  28
 369601.203911 ,  76
 369601.204432 ,  73
 369601.205018 ,  73
 369601.205249 ,  68
 369601.205406 ,  69
 369601.206182 ,  71
 369601.206915 ,  77
 369601.207181 ,  73
 369601.207411 ,  73
 369601.207959 ,  74
 369601.208225 ,  70
 369601.209007 ,  72
 369601.209236 ,  68
 369601.209568 ,  69
 369601.210224 ,  65
 369601.210906 ,  154
 369601.211014 ,  65
 369601.211082 ,  115
 369601.211213 ,  65
 369601.211783 ,  67
 369601.211846 ,  39
 369601.212203 ,  66
 369601.212834 ,  68
 369601.213095 ,  64
 369601.213631 ,  63
 369601.214751 ,  64
 369601.214901 ,  114
 369601.214908 ,  62
 369601.215045 ,  67
 369601.215147 ,  39
 369601.215380 ,  74
 369601.216071 ,  70
 369601.216869 ,  70
 369601.217033 ,  69
 369601.217618 ,  73
 369601.218052 ,  69
 369601.218867 ,  71
 369601.219020 ,  70
 369601.219506 ,  76
 369601.219824 ,  73
 369601.220234 ,  78
 369601.220791 ,  78
 369601.220974 ,  74
 369601.221517 ,  76
 369601.221987 ,  112
 369601.222106 ,  72
 369601.222826 ,  68
 369601.223385 ,  69
 369601.223566 ,  99
 369601.223936 ,  65
 369601.224511 ,  65
 369601.224763 ,  67
 369601.225559 ,  74
 369601.225817 ,  74
 369601.226602 ,  70
 369601.227633 ,  68
 369601.228474 ,  70
 369601.229382 ,  124
 369601.229523 ,  64
 369601.229843 ,  69
 369601.231147 ,  66
 369601.231928 ,  70
 369601.232292 ,  72
 369601.233255 ,  69
 369601.234074 ,  72
 369601.235702 ,  75
 369601.236117 ,  71
 369601.236883 ,  72
 369601.236995 ,  31
 369601.237037 ,  77
 369601.237580 ,  81
 369601.237864 ,  77
 369601.238046 ,  39
 369601.238694 ,  80
 369601.238895 ,  75
 369601.239122 ,  105
 369601.239706 ,  81
 369601.240178 ,  140
 369601.240422 ,  80
 369601.241546 ,  74
 369601.241809 ,  70
 369601.242552 ,  40
 369601.242635 ,  69
 369601.242827 ,  66
 369601.243515 ,  125
 369601.243778 ,  72
 369601.244372 ,  76
 369601.244483 ,  46
 369601.245280 ,  76
 369601.245559 ,  73
 369601.246745 ,  74
 369601.247386 ,  76
 369601.248150 ,  72
 369601.248439 ,  68
 369601.248849 ,  68
 369601.249280 ,  65
 369601.249456 ,  63
 369601.249931 ,  67
 369601.250970 ,  96
 369601.251162 ,  66
 369601.251481 ,  66
 369601.252181 ,  63
 369601.253072 ,  61
 369601.253243 ,  65
 369601.253875 ,  26
 369601.254046 ,  66
 369601.254743 ,  68
 369601.255024 ,  65
 369601.255148 ,  122
 369601.255229 ,  65
 369601.255864 ,  67
 369601.256065 ,  63
 369601.256782 ,  71
 369601.257576 ,  72
 369601.257987 ,  70
 369601.258513 ,  70
 369601.259003 ,  69
 369601.259082 ,  140
 369601.259798 ,  68
 369601.259995 ,  64
 369601.260763 ,  69
 369601.260947 ,  65
 369601.261358 ,  31
 369601.261422 ,  67
 369601.261773 ,  31
 369601.261877 ,  64
 369601.262879 ,  64
 369601.262942 ,  30
 369601.263829 ,  68
 369601.264374 ,  72
 369601.264548 ,  30
 369601.264635 ,  68
 369601.264782 ,  68
 369601.265320 ,  72
 369601.265619 ,  68
 369601.266472 ,  113
 369601.266622 ,  70
 369601.266766 ,  96
 369601.267017 ,  71
 369601.268126 ,  69
 369601.268354 ,  66
 369601.268533 ,  67
 369601.269237 ,  114
 369601.269293 ,  161
 369601.269500 ,  68
 369601.269645 ,  71
 369601.270268 ,  78
 369601.270447 ,  73
 369601.270483 ,  31
 369601.271292 ,  83
 369601.271412 ,  32
 369601.271485 ,  142
 369601.272045 ,  78
 369601.272349 ,  74
 369601.273214 ,  74
 369601.273573 ,  72
 369601.274412 ,  74
 369601.275186 ,  75
 369601.275222 ,  121
 369601.275360 ,  72
 369601.275911 ,  76
 369601.276369 ,  72
 369601.276680 ,  77
 369601.277159 ,  75
 369601.277407 ,  72
 369601.277898 ,  72
 369601.278159 ,  69
 369601.278222 ,  148
 369601.279005 ,  71
 369601.279461 ,  72
 369601.279918 ,  72
 369601.280130 ,  69
 369601.280663 ,  71
 369601.280921 ,  68
 369601.281088 ,  68
 369601.281621 ,  72
 369601.281884 ,  68
 369601.282070 ,  68
 369601.282658 ,  112
 369601.282903 ,  49
 369601.283053 ,  68
 369601.283691 ,  71
 369601.284017 ,  31
 369601.284193 ,  69
 369601.284199 ,  166
 369601.284661 ,  69
 369601.285291 ,  69
 369601.285676 ,  66
 369601.285787 ,  97
 369601.285820 ,  64
 369601.285932 ,  70
 369601.286482 ,  81
 369601.286961 ,  77
 369601.287788 ,  76
 369601.288216 ,  78
 369601.288614 ,  75
 369601.288965 ,  114
 369601.289120 ,  77
 369601.289542 ,  75
 369601.290378 ,  72
 369601.290628 ,  109
 369601.290633 ,  34
 369601.290833 ,  69
 369601.292137 ,  69
 369601.292442 ,  66
 369601.293153 ,  112
 369601.293240 ,  67
 369601.294190 ,  62
 369601.294927 ,  66
 369601.295131 ,  63
 369601.295926 ,  69
 369601.296352 ,  117
 369601.296690 ,  65
 369601.297152 ,  46
 369601.297692 ,  65
 369601.298267 ,  62
 369601.298705 ,  62
 369601.298874 ,  30
 369601.299054 ,  64
 369601.299846 ,  64
 369601.300001 ,  65
 369601.300311 ,  70
 369601.300986 ,  67
 369601.301415 ,  69
 369601.301799 ,  67
 369601.302654 ,  65
 369601.303133 ,  153
 369601.303416 ,  62
 369601.303816 ,  60
 369601.304354 ,  63
 369601.304401 ,  112
 369601.304565 ,  60
 369601.304668 ,  62
 369601.305407 ,  74
 369601.305690 ,  70
 369601.305978 ,  70
 369601.306462 ,  70
 369601.306690 ,  67
 369601.307219 ,  68
 369601.308438 ,  63
 369601.309175 ,  108
 369601.309477 ,  61
 369601.309618 ,  63
 369601.310199 ,  69
 369601.310362 ,  65
 369601.310554 ,  70
 369601.311140 ,  73
 369601.311388 ,  69
 369601.312167 ,  66
 369601.312333 ,  66
 369601.312607 ,  71
 369601.313817 ,  71
 369601.314045 ,  67
 369601.314220 ,  68
 369601.314356 ,  37
 369601.314810 ,  72
 369601.315916 ,  68
 369601.316199 ,  65
 369601.316770 ,  65
 369601.317650 ,  73
 369601.317849 ,  69
 369601.318792 ,  77
 369601.318807 ,  151
 369601.318826 ,  30
 369601.319061 ,  60
 369601.319092 ,  165
 369601.319277 ,  106
 369601.319357 ,  72
 369601.319664 ,  117
 369601.320083 ,  70
 369601.321146 ,  88
 369601.321154 ,  68
 369601.322058 ,  72
 369601.322081 ,  139
 369601.322173 ,  177
 369601.322317 ,  74
 369601.322758 ,  132
 369601.322778 ,  75
 369601.323117 ,  140
 369601.323378 ,  140
 369601.323583 ,  158
 369601.324024 ,  104
 369601.324208 ,  181
 369601.324728 ,  182
 369601.324745 ,  96
 369601.325056 ,  70
 369601.325564 ,  96
 369601.326098 ,  100
 369601.326627 ,  97
 369601.326628 ,  177
 369601.328197 ,  69
 369601.335416 ,  54
 369601.335466 ,  202
 369601.336133 ,  427
 369601.337151 ,  146
