 369759.179419 ,  1
 369759.179796 ,  512
 369759.198062 ,  1
 369759.198070 ,  1
 369759.198074 ,  5
 369759.198078 ,  45
 369759.198090 ,  375
 369759.198181 ,  1
 369759.198186 ,  1
 369759.198191 ,  7
 369759.198197 ,  51
 369759.198237 ,  330
 369759.198305 ,  548
 369759.198590 ,  731
 369759.199644 ,  5
 369759.200540 ,  1
 369759.200961 ,  1
 369759.202617 ,  5
 369759.202617 ,  6
 369759.202626 ,  32
 369759.202637 ,  6
 369759.202647 ,  246
 369759.202647 ,  121
 369759.203182 ,  6
 369759.203867 ,  566
 369759.206615 ,  1
 369759.206616 ,  6
 369759.206616 ,  1
 369759.206620 ,  1
 369759.206621 ,  1
 369759.206624 ,  9
 369759.206628 ,  77
 369759.206630 ,  6
 369759.206631 ,  1
 369759.206654 ,  4
 369759.206661 ,  105
 369759.206876 ,  1
 369759.220980 ,  85
 369759.221010 ,  975
 369759.221073 ,  1
 369759.221078 ,  1
 369759.221081 ,  7
 369759.221094 ,  62
 369759.221132 ,  209
 369759.221207 ,  356
 369759.221276 ,  460
 369759.221401 ,  611
 369759.221658 ,  688
 369759.223430 ,  620
 369759.229167 ,  491
 369759.234753 ,  339
 369759.234852 ,  54
 369759.259802 ,  142
 369759.259864 ,  1
 369759.259876 ,  1
 369759.259899 ,  4
 369759.259910 ,  9
 369759.259921 ,  8
 369759.259925 ,  33
 369759.259931 ,  12
 369759.259946 ,  46
 369759.259975 ,  632
 369759.260013 ,  141
 369759.260031 ,  467
 369759.260328 ,  189
 369759.261040 ,  185
 369759.261360 ,  632
 369759.261593 ,  164
 369759.262439 ,  100
 369759.262465 ,  178
 369759.262662 ,  152
 369759.262985 ,  158
 369759.263234 ,  507
 369759.270502 ,  122
 369759.270506 ,  72
 369759.270526 ,  400
 369759.270534 ,  120
 369759.270543 ,  72
 369759.270561 ,  225
 369759.270689 ,  408
 369759.270727 ,  91
 369759.270826 ,  111
 369759.270953 ,  330
 369759.271170 ,  456
 369759.271654 ,  332
 369759.271908 ,  111
 369759.273180 ,  83
 369759.273240 ,  367
 369759.273452 ,  318
 369759.274186 ,  246
 369759.274706 ,  92
 369759.275384 ,  313
 369759.275533 ,  201
 369759.276046 ,  187
 369759.277965 ,  202
 369759.278554 ,  149
 369759.280345 ,  48
 369759.280359 ,  154
 369759.280361 ,  137
 369759.280426 ,  123
 369759.280439 ,  44
 369759.280516 ,  167
 369759.280540 ,  246
 369759.280630 ,  59
 369759.280713 ,  299
 369759.281747 ,  352
 369759.289881 ,  1
 369759.289896 ,  50
 369759.289925 ,  373
 369759.300222 ,  1
 369759.300227 ,  1
 369759.300230 ,  6
 369759.300234 ,  69
 369759.302429 ,  231
 369759.302638 ,  159
 369759.302711 ,  251
 369759.303268 ,  137
 369759.304134 ,  228
 369759.304666 ,  211
 369759.305058 ,  126
 369759.305562 ,  201
 369759.305606 ,  363
 369759.305636 ,  123
 369759.305643 ,  210
 369759.305684 ,  185
 369759.305704 ,  106
 369759.305773 ,  205
 369759.306365 ,  154
 369759.462887 ,  188
 369759.463057 ,  213
 369759.463088 ,  102
 369759.463166 ,  182
 369759.463778 ,  135
 369759.463869 ,  175
 369759.463943 ,  165
 369759.464067 ,  102
 369759.464324 ,  111
 369759.465562 ,  206
 369759.465793 ,  255
 369759.466311 ,  183
 369759.466645 ,  72
 369759.466647 ,  86
 369759.466647 ,  109
 369759.466881 ,  159
 369759.467582 ,  164
 369759.468051 ,  168
 369759.468905 ,  181
 369759.469731 ,  192
 369759.470042 ,  190
 369759.470132 ,  100
 369759.470367 ,  187
 369759.471036 ,  182
 369759.471207 ,  169
 369759.471213 ,  142
 369759.471375 ,  179
 369759.472037 ,  181
 369759.472488 ,  185
 369759.472842 ,  190
 369759.473140 ,  184
 369759.473435 ,  182
 369759.473732 ,  180
 369759.474035 ,  178
 369759.475902 ,  158
 369759.476105 ,  168
 369759.476592 ,  185
 369759.476759 ,  88
 369759.476923 ,  181
 369759.476987 ,  81
 369759.477193 ,  177
 369759.477428 ,  177
 369759.479655 ,  89
 369759.480135 ,  160
 369759.480644 ,  177
 369759.481357 ,  180
 369759.481630 ,  179
 369759.481880 ,  178
 369759.482189 ,  178
 369759.482432 ,  175
 369759.482737 ,  174
 369759.482809 ,  101
 369759.482826 ,  131
 369759.483886 ,  169
 369759.484198 ,  166
 369759.484833 ,  172
 369759.485280 ,  179
 369759.485498 ,  182
 369759.485739 ,  186
 369759.485913 ,  72
 369759.485998 ,  187
 369759.486389 ,  85
 369759.486502 ,  189
 369759.486718 ,  88
 369759.487587 ,  197
 369759.487821 ,  184
 369759.488952 ,  183
 369759.489557 ,  183
 369759.489813 ,  180
 369759.490036 ,  180
 369759.490231 ,  72
 369759.490792 ,  184
 369759.492309 ,  84
 369759.492680 ,  166
 369759.492948 ,  174
 369759.493161 ,  174
 369759.493362 ,  178
 369759.494065 ,  190
 369759.494286 ,  190
 369759.494517 ,  193
 369759.495599 ,  193
 369759.495909 ,  182
 369759.496697 ,  178
 369759.496973 ,  178
 369759.497292 ,  177
 369759.498086 ,  172
 369759.498592 ,  71
 369759.499309 ,  103
 369759.499418 ,  169
 369759.499801 ,  160
 369759.500237 ,  154
 369759.500490 ,  165
 369759.502136 ,  185
 369759.502574 ,  186
 369759.503343 ,  155
 369759.503587 ,  187
 369759.503769 ,  197
 369759.503884 ,  90
 369759.504513 ,  211
 369759.505010 ,  215
 369759.505920 ,  203
 369759.506957 ,  103
 369759.507429 ,  204
 369759.508759 ,  198
 369759.508998 ,  88
 369759.509217 ,  201
 369759.509812 ,  105
 369759.510053 ,  208
 369759.510681 ,  199
 369759.510775 ,  142
 369759.510831 ,  185
 369759.511027 ,  201
 369759.511574 ,  202
 369759.511856 ,  208
 369759.512424 ,  202
 369759.514710 ,  191
 369759.515380 ,  184
 369759.515555 ,  122
 369759.516081 ,  188
 369759.516303 ,  189
 369759.516514 ,  101
 369759.516967 ,  198
 369759.517852 ,  198
 369759.518398 ,  185
 369759.518651 ,  184
 369759.519089 ,  189
 369759.519357 ,  191
 369759.520413 ,  187
 369759.520556 ,  191
 369759.521867 ,  198
 369759.522173 ,  199
 369759.522320 ,  196
 369759.523116 ,  218
 369759.523414 ,  214
 369759.523654 ,  211
 369759.525438 ,  212
 369759.526327 ,  207
 369759.526643 ,  152
 369759.527077 ,  216
 369759.527649 ,  208
 369759.528012 ,  159
 369759.528470 ,  100
 369759.529111 ,  203
 369759.530292 ,  214
 369759.530865 ,  209
 369759.531149 ,  208
 369759.532172 ,  201
 369759.532252 ,  160
 369759.532484 ,  191
 369759.532698 ,  187
 369759.533009 ,  191
 369759.533497 ,  189
 369759.534243 ,  189
 369759.534509 ,  192
 369759.535775 ,  176
 369759.535995 ,  184
 369759.536154 ,  188
 369759.536362 ,  202
 369759.536624 ,  207
 369759.536736 ,  146
 369759.537139 ,  208
 369759.537349 ,  207
 369759.537893 ,  211
 369759.538237 ,  111
 369759.538896 ,  215
 369759.539484 ,  103
 369759.539779 ,  214
 369759.539966 ,  217
 369759.540151 ,  226
 369759.540692 ,  245
 369759.541431 ,  237
 369759.542126 ,  243
 369759.542822 ,  218
 369759.543560 ,  214
 369759.544636 ,  209
 369759.544800 ,  213
 369759.545713 ,  210
 369759.546247 ,  214
 369759.546730 ,  212
 369759.546859 ,  220
 369759.547086 ,  246
 369759.547361 ,  249
 369759.548202 ,  245
 369759.548267 ,  162
 369759.549147 ,  231
 369759.549614 ,  225
 369759.550747 ,  219
 369759.551279 ,  213
 369759.552488 ,  216
 369759.552837 ,  218
 369759.552857 ,  103
 369759.553696 ,  203
 369759.554533 ,  203
 369759.554720 ,  98
 369759.554766 ,  202
 369759.554809 ,  113
 369759.555323 ,  204
 369759.555465 ,  191
 369759.555999 ,  106
 369759.556083 ,  215
 369759.556755 ,  240
 369759.557234 ,  255
 369759.558067 ,  175
 369759.558513 ,  244
 369759.559227 ,  223
 369759.559411 ,  233
 369759.559628 ,  244
 369759.560352 ,  112
 369759.560968 ,  229
 369759.561302 ,  224
 369759.561765 ,  218
 369759.562518 ,  205
 369759.562740 ,  209
 369759.563020 ,  213
 369759.563665 ,  223
 369759.564071 ,  100
 369759.564165 ,  100
 369759.565000 ,  224
 369759.565278 ,  211
 369759.565967 ,  250
 369759.566593 ,  261
 369759.566919 ,  254
 369759.567188 ,  248
 369759.567917 ,  118
 369759.568102 ,  239
 369759.568652 ,  222
 369759.568892 ,  222
 369759.570045 ,  218
 369759.571079 ,  210
 369759.571362 ,  198
 369759.571558 ,  196
 369759.571792 ,  203
 369759.572021 ,  205
 369759.572501 ,  211
 369759.572570 ,  115
 369759.573028 ,  213
 369759.573288 ,  211
 369759.573573 ,  211
 369759.574088 ,  209
 369759.574806 ,  200
 369759.574932 ,  200
 369759.575664 ,  229
 369759.575951 ,  229
 369759.576243 ,  227
 369759.577130 ,  226
 369759.577480 ,  128
 369759.577725 ,  140
 369759.577920 ,  207
 369759.578735 ,  208
 369759.578973 ,  205
 369759.579236 ,  207
 369759.581462 ,  213
 369759.581913 ,  223
 369759.582505 ,  220
 369759.582704 ,  168
 369759.582715 ,  216
 369759.583491 ,  207
 369759.583819 ,  209
 369759.585221 ,  105
 369759.585332 ,  210
 369759.585511 ,  108
 369759.586387 ,  211
 369759.587002 ,  191
 369759.587195 ,  191
 369759.587662 ,  198
 369759.587876 ,  203
 369759.587883 ,  174
 369759.588136 ,  208
 369759.588398 ,  208
 369759.588697 ,  171
 369759.589236 ,  218
 369759.590028 ,  200
 369759.590504 ,  206
 369759.591001 ,  203
 369759.591483 ,  210
 369759.591579 ,  163
 369759.591835 ,  211
 369759.592324 ,  205
 369759.592845 ,  198
 369759.592961 ,  195
 369759.593138 ,  224
 369759.593213 ,  156
 369759.593540 ,  240
 369759.593980 ,  110
 369759.594351 ,  247
 369759.595274 ,  246
 369759.596128 ,  224
 369759.596330 ,  221
 369759.596460 ,  228
 369759.598158 ,  125
 369759.599043 ,  115
 369759.599441 ,  230
 369759.600177 ,  227
 369759.600766 ,  227
 369759.601561 ,  218
 369759.601856 ,  207
 369759.602115 ,  204
 369759.602363 ,  204
 369759.603118 ,  156
 369759.603123 ,  214
 369759.603367 ,  211
 369759.603581 ,  212
 369759.604645 ,  209
 369759.604947 ,  199
 369759.605217 ,  196
 369759.605595 ,  213
 369759.605850 ,  215
 369759.606401 ,  212
 369759.606611 ,  212
 369759.606856 ,  216
 369759.608495 ,  154
 369759.609512 ,  229
 369759.610761 ,  230
 369759.611197 ,  219
 369759.611382 ,  227
 369759.611637 ,  237
 369759.612214 ,  176
 369759.612909 ,  238
 369759.613186 ,  238
 369759.613429 ,  115
 369759.613739 ,  236
 369759.614147 ,  221
 369759.614848 ,  219
 369759.615108 ,  219
 369759.615390 ,  219
 369759.615624 ,  217
 369759.615872 ,  219
 369759.616142 ,  110
 369759.617069 ,  217
 369759.617282 ,  235
 369759.617966 ,  113
 369759.618025 ,  242
 369759.619285 ,  221
 369759.620409 ,  224
 369759.620635 ,  219
 369759.621173 ,  219
 369759.621870 ,  227
 369759.623204 ,  212
 369759.623721 ,  218
 369759.624221 ,  220
 369759.625239 ,  221
 369759.626258 ,  215
 369759.626661 ,  217
 369759.627496 ,  215
 369759.627525 ,  108
 369759.627732 ,  215
 369759.627984 ,  217
 369759.629747 ,  122
 369759.629755 ,  222
 369759.630475 ,  225
 369759.631552 ,  224
 369759.631794 ,  223
 369759.632632 ,  218
 369759.632892 ,  205
 369759.633370 ,  205
 369759.635708 ,  204
 369759.635845 ,  194
 369759.636488 ,  233
 369759.637017 ,  230
 369759.637294 ,  233
 369759.638636 ,  222
 369759.638847 ,  210
 369759.639051 ,  215
 369759.639354 ,  221
 369759.639837 ,  217
 369759.640089 ,  221
 369759.640552 ,  225
 369759.640791 ,  227
 369759.641773 ,  214
 369759.642040 ,  215
 369759.642317 ,  215
 369759.643021 ,  218
 369759.643271 ,  220
 369759.643483 ,  179
 369759.644306 ,  213
 369759.644519 ,  204
 369759.644933 ,  218
 369759.645224 ,  221
 369759.646020 ,  216
 369759.646399 ,  157
 369759.646818 ,  216
 369759.647735 ,  200
 369759.647915 ,  196
 369759.648095 ,  206
 369759.648351 ,  216
 369759.648544 ,  216
 369759.648735 ,  224
 369759.649575 ,  230
 369759.650706 ,  204
 369759.650956 ,  207
 369759.651155 ,  207
 369759.651350 ,  214
 369759.652779 ,  157
 369759.653478 ,  198
 369759.653615 ,  202
 369759.653980 ,  238
 369759.654320 ,  245
 369759.654613 ,  238
 369759.654949 ,  233
 369759.656126 ,  113
 369759.656239 ,  219
 369759.656967 ,  209
 369759.657124 ,  215
 369759.657625 ,  235
 369759.658497 ,  226
 369759.658708 ,  223
 369759.659466 ,  214
 369759.659859 ,  226
 369759.660322 ,  221
 369759.660552 ,  222
 369759.660732 ,  225
 369759.661275 ,  234
 369759.661550 ,  166
 369759.662058 ,  232
 369759.662911 ,  217
 369759.663156 ,  212
 369759.663401 ,  213
 369759.663635 ,  214
 369759.663695 ,  161
 369759.663859 ,  216
 369759.664123 ,  219
 369759.664335 ,  219
 369759.665436 ,  118
 369759.665961 ,  214
 369759.666307 ,  222
 369759.667017 ,  234
 369759.667535 ,  234
 369759.668299 ,  234
 369759.668883 ,  236
 369759.669263 ,  228
 369759.670155 ,  230
 369759.670620 ,  237
 369759.670890 ,  234
 369759.672279 ,  223
 369759.672511 ,  211
 369759.673509 ,  168
 369759.673725 ,  223
 369759.673921 ,  226
 369759.674163 ,  234
 369759.675583 ,  211
 369759.675809 ,  109
 369759.675864 ,  212
 369759.676344 ,  109
 369759.676431 ,  210
 369759.676728 ,  207
 369759.677203 ,  208
 369759.677770 ,  208
 369759.678741 ,  192
 369759.678945 ,  191
 369759.679127 ,  197
 369759.679327 ,  207
 369759.679559 ,  214
 369759.679836 ,  216
 369759.680082 ,  215
 369759.681494 ,  209
 369759.681964 ,  198
 369759.682268 ,  201
 369759.682642 ,  152
 369759.682975 ,  201
 369759.683518 ,  204
 369759.683705 ,  203
 369759.683898 ,  111
 369759.684486 ,  199
 369759.684753 ,  200
 369759.684891 ,  200
 369759.685767 ,  239
 369759.686635 ,  228
 369759.686643 ,  110
 369759.688806 ,  213
 369759.689027 ,  159
 369759.689121 ,  110
 369759.689127 ,  210
 369759.689319 ,  104
 369759.689360 ,  205
 369759.690938 ,  209
 369759.691664 ,  238
 369759.692958 ,  255
 369759.693384 ,  244
 369759.694171 ,  234
 369759.694593 ,  242
 369759.695110 ,  243
 369759.695343 ,  244
 369759.695530 ,  167
 369759.696152 ,  237
 369759.696378 ,  226
 369759.696958 ,  224
 369759.697949 ,  225
 369759.698167 ,  227
 369759.699221 ,  223
 369759.699362 ,  213
 369759.699874 ,  233
 369759.700427 ,  228
 369759.700682 ,  234
 369759.701465 ,  233
 369759.701852 ,  233
 369759.703467 ,  207
 369759.703662 ,  212
 369759.703974 ,  220
 369759.704511 ,  215
 369759.705470 ,  198
 369759.705924 ,  225
 369759.706439 ,  223
 369759.706705 ,  225
 369759.706991 ,  225
 369759.708493 ,  218
 369759.708760 ,  119
 369759.709038 ,  208
 369759.709190 ,  149
 369759.709244 ,  207
 369759.709740 ,  215
 369759.710037 ,  215
 369759.710819 ,  115
 369759.711367 ,  175
 369759.711707 ,  205
 369759.712025 ,  221
 369759.712200 ,  242
 369759.712982 ,  259
 369759.713944 ,  115
 369759.714816 ,  226
 369759.715115 ,  219
 369759.715570 ,  223
 369759.715912 ,  223
 369759.716217 ,  217
 369759.716426 ,  213
 369759.716929 ,  218
 369759.717470 ,  221
 369759.718316 ,  200
 369759.718518 ,  204
 369759.718648 ,  113
 369759.718740 ,  209
 369759.718962 ,  213
 369759.719213 ,  217
 369759.719706 ,  217
 369759.719957 ,  114
 369759.720814 ,  205
 369759.721183 ,  221
 369759.721618 ,  231
 369759.721794 ,  235
 369759.722041 ,  248
 369759.722652 ,  117
 369759.722803 ,  174
 369759.724319 ,  243
 369759.724605 ,  244
 369759.724827 ,  241
 369759.725107 ,  245
 369759.725434 ,  243
 369759.725693 ,  237
 369759.726021 ,  175
 369759.726161 ,  118
 369759.726883 ,  225
 369759.727722 ,  204
 369759.727927 ,  206
 369759.728344 ,  218
 369759.729036 ,  235
 369759.729879 ,  223
 369759.730177 ,  213
 369759.730402 ,  210
 369759.730590 ,  213
 369759.730832 ,  221
 369759.731135 ,  222
 369759.731372 ,  218
 369759.733051 ,  214
 369759.733237 ,  201
 369759.733418 ,  210
 369759.734126 ,  222
 369759.734349 ,  226
 369759.734833 ,  189
 369759.734862 ,  230
 369759.735954 ,  181
 369759.736910 ,  212
 369759.737533 ,  219
 369759.738977 ,  193
 369759.739509 ,  215
 369759.739837 ,  214
 369759.740544 ,  216
 369759.740790 ,  216
 369759.741912 ,  214
 369759.742629 ,  190
 369759.742837 ,  190
 369759.743377 ,  197
 369759.743642 ,  194
 369759.744509 ,  203
 369759.745483 ,  211
 369759.745704 ,  154
 369759.746040 ,  236
 369759.746857 ,  242
 369759.748286 ,  219
 369759.748923 ,  248
 369759.749184 ,  253
 369759.749751 ,  249
 369759.750302 ,  248
 369759.750645 ,  121
 369759.752572 ,  237
 369759.754130 ,  270
 369759.754713 ,  239
 369759.755063 ,  180
 369759.755432 ,  242
 369759.757220 ,  240
 369759.757558 ,  223
 369759.757754 ,  217
 369759.757935 ,  225
 369759.758102 ,  236
 369759.758658 ,  188
 369759.758859 ,  241
 369759.759369 ,  264
 369759.760634 ,  245
 369759.763904 ,  208
 369759.764177 ,  211
 369759.764373 ,  210
 369759.764664 ,  218
 369759.765738 ,  211
 369759.766256 ,  212
 369759.766383 ,  200
 369759.766930 ,  216
 369759.767097 ,  216
 369759.767314 ,  230
 369759.767858 ,  233
 369759.768407 ,  230
 369759.769262 ,  219
 369759.769412 ,  209
 369759.770331 ,  240
 369759.770899 ,  234
 369759.772289 ,  247
 369759.772502 ,  228
 369759.773008 ,  231
 369759.773132 ,  235
 369759.773369 ,  265
 369759.775596 ,  226
 369759.775775 ,  237
 369759.776218 ,  269
 369759.776299 ,  117
 369759.777301 ,  257
 369759.777613 ,  263
 369759.778532 ,  246
 369759.778892 ,  241
 369759.779193 ,  156
 369759.779215 ,  255
 369759.779452 ,  249
 369759.780184 ,  260
 369759.780686 ,  260
 369759.780873 ,  164
 369759.781548 ,  253
 369759.781762 ,  237
 369759.782442 ,  253
 369759.782624 ,  256
 369759.782849 ,  266
 369759.783053 ,  270
 369759.783389 ,  278
 369759.784687 ,  260
 369759.784908 ,  241
 369759.785097 ,  245
 369759.785667 ,  253
 369759.787173 ,  187
 369759.787525 ,  232
 369759.788099 ,  212
 369759.788581 ,  248
 369759.789995 ,  118
 369759.791302 ,  217
 369759.791606 ,  217
 369759.792146 ,  212
 369759.792812 ,  219
 369759.793032 ,  225
 369759.793830 ,  213
 369759.794831 ,  245
 369759.795729 ,  232
 369759.796609 ,  225
 369759.796795 ,  210
 369759.796809 ,  120
 369759.798168 ,  216
 369759.798426 ,  215
 369759.798708 ,  213
 369759.799546 ,  215
 369759.799652 ,  200
 369759.800163 ,  232
 369759.800687 ,  231
 369759.802808 ,  224
 369759.803308 ,  213
 369759.803605 ,  218
 369759.804578 ,  218
 369759.805090 ,  225
 369759.805883 ,  213
 369759.805999 ,  119
 369759.806091 ,  205
 369759.806240 ,  211
 369759.806766 ,  240
 369759.806991 ,  232
 369759.807412 ,  245
 369759.807544 ,  108
 369759.807730 ,  248
 369759.807970 ,  243
 369759.808564 ,  110
 369759.809335 ,  226
 369759.809567 ,  222
 369759.809790 ,  167
 369759.809849 ,  225
 369759.810355 ,  223
 369759.810648 ,  223
 369759.810655 ,  107
 369759.811250 ,  220
 369759.811528 ,  214
 369759.812048 ,  213
 369759.812262 ,  200
 369759.812513 ,  205
 369759.813709 ,  212
 369759.813939 ,  213
 369759.814428 ,  217
 369759.814981 ,  216
 369759.815854 ,  211
 369759.816086 ,  222
 369759.816283 ,  224
 369759.817315 ,  233
 369759.818006 ,  232
 369759.818365 ,  215
 369759.818610 ,  208
 369759.818627 ,  149
 369759.819046 ,  213
 369759.819486 ,  216
 369759.820069 ,  230
 369759.821213 ,  229
 369759.821535 ,  213
 369759.821785 ,  208
 369759.821955 ,  208
 369759.824456 ,  126
 369759.824811 ,  203
 369759.825466 ,  221
 369759.825663 ,  221
 369759.825901 ,  229
 369759.826091 ,  231
 369759.826588 ,  237
 369759.826651 ,  111
 369759.827233 ,  241
 369759.827747 ,  249
 369759.827792 ,  116
 369759.827989 ,  266
 369759.828252 ,  267
 369759.829109 ,  167
 369759.829240 ,  252
 369759.829749 ,  110
 369759.829847 ,  245
 369759.831309 ,  249
 369759.831958 ,  251
 369759.832259 ,  245
 369759.832880 ,  237
 369759.833170 ,  232
 369759.833658 ,  229
 369759.833867 ,  216
 369759.834072 ,  222
 369759.834587 ,  226
 369759.835079 ,  230
 369759.835347 ,  230
 369759.835915 ,  229
 369759.836724 ,  217
 369759.836948 ,  110
 369759.837164 ,  216
 369759.837448 ,  216
 369759.837644 ,  214
 369759.837858 ,  222
 369759.838136 ,  227
 369759.838731 ,  220
 369759.839009 ,  218
 369759.839257 ,  217
 369759.839877 ,  218
 369759.840526 ,  213
 369759.840584 ,  156
 369759.841045 ,  221
 369759.841305 ,  221
 369759.842157 ,  215
 369759.842377 ,  168
 369759.843204 ,  212
 369759.843809 ,  222
 369759.844717 ,  246
 369759.846087 ,  233
 369759.846535 ,  222
 369759.846679 ,  184
 369759.846724 ,  229
 369759.846920 ,  239
 369759.847113 ,  248
 369759.847663 ,  254
 369759.847986 ,  254
 369759.849338 ,  225
 369759.849598 ,  225
 369759.849826 ,  225
 369759.850007 ,  228
 369759.850229 ,  239
 369759.850550 ,  243
 369759.852081 ,  218
 369759.852293 ,  206
 369759.852914 ,  219
 369759.853097 ,  231
 369759.853473 ,  113
 369759.853888 ,  247
 369759.855089 ,  242
 369759.855426 ,  251
 369759.855723 ,  257
 369759.857835 ,  237
 369759.858276 ,  229
 369759.858653 ,  144
 369759.858707 ,  226
 369759.858916 ,  1
 369759.858968 ,  227
 369759.859253 ,  227
 369759.859774 ,  222
 369759.859988 ,  225
 369759.860314 ,  230
 369759.862467 ,  196
 369759.862711 ,  198
 369759.863079 ,  199
 369759.863632 ,  192
 369759.864090 ,  119
 369759.864998 ,  97
 369759.865324 ,  172
 369759.865803 ,  170
 369759.866404 ,  174
 369759.867104 ,  165
 369759.867355 ,  175
 369759.868502 ,  165
 369759.868866 ,  182
 369759.869066 ,  190
 369759.869114 ,  98
 369759.869926 ,  194
 369759.870196 ,  191
 369759.870419 ,  98
 369759.871337 ,  185
 369759.871535 ,  170
 369759.872169 ,  173
 369759.872436 ,  170
 369759.872780 ,  170
 369759.873701 ,  158
 369759.875078 ,  140
 369759.875324 ,  148
 369759.876464 ,  153
 369759.876651 ,  168
 369759.876894 ,  175
 369759.877129 ,  176
 369759.877835 ,  178
 369759.878158 ,  177
 369759.878479 ,  189
 369759.878945 ,  186
 369759.879439 ,  186
 369759.879948 ,  93
 369759.880960 ,  187
 369759.881153 ,  173
 369759.881456 ,  180
 369759.882892 ,  171
 369759.883130 ,  170
 369759.884228 ,  167
 369759.884498 ,  158
 369759.884760 ,  158
 369759.885170 ,  163
 369759.885610 ,  172
 369759.885814 ,  325
 369759.885963 ,  181
 369759.886191 ,  195
 369759.886955 ,  198
 369759.887835 ,  178
 369759.888119 ,  181
 369759.889219 ,  184
 369759.890373 ,  171
 369759.890589 ,  162
 369759.890769 ,  165
 369759.890928 ,  173
 369759.891127 ,  186
 369759.891437 ,  192
 369759.891646 ,  189
 369759.891922 ,  194
 369759.892218 ,  193
 369759.892491 ,  191
 369759.892879 ,  190
 369759.893383 ,  183
 369759.893870 ,  171
 369759.894038 ,  164
 369759.894554 ,  159
 369759.894561 ,  171
 369759.894660 ,  90
 369759.895983 ,  171
 369759.896504 ,  167
 369759.896694 ,  157
 369759.896907 ,  164
 369759.897402 ,  164
 369759.898127 ,  178
 369759.898871 ,  182
 369759.899773 ,  173
 369759.900181 ,  169
 369759.900487 ,  174
 369759.901081 ,  170
 369759.902074 ,  170
 369759.903116 ,  164
 369759.903342 ,  152
 369759.903630 ,  154
 369759.904068 ,  153
 369759.904751 ,  162
 369759.905914 ,  172
 369759.906091 ,  160
 369759.906273 ,  168
 369759.906451 ,  176
 369759.907221 ,  180
 369759.908173 ,  177
 369759.909891 ,  162
 369759.910633 ,  171
 369759.910878 ,  166
 369759.911090 ,  89
 369759.911458 ,  165
 369759.912228 ,  162
 369759.912336 ,  154
 369759.913417 ,  175
 369759.913684 ,  177
 369759.914095 ,  92
 369759.914274 ,  173
 369759.915319 ,  162
 369759.915564 ,  178
 369759.916304 ,  181
 369759.916763 ,  192
 369759.917492 ,  196
 369759.918355 ,  191
 369759.918858 ,  174
 369759.919067 ,  185
 369759.919644 ,  190
 369759.919916 ,  186
 369759.920376 ,  188
 369759.921460 ,  140
 369759.921663 ,  181
 369759.921855 ,  98
 369759.921989 ,  169
 369759.922244 ,  161
 369759.923069 ,  154
 369759.923137 ,  165
 369759.924472 ,  153
 369759.924565 ,  133
 369759.924855 ,  143
 369759.925392 ,  135
 369759.925511 ,  121
 369759.925605 ,  138
 369759.926436 ,  139
 369759.927696 ,  138
 369759.928702 ,  140
 369759.928954 ,  143
 369759.930396 ,  146
 369759.930402 ,  191
 369759.931221 ,  129
 369759.931518 ,  137
 369759.932014 ,  137
 369759.933524 ,  141
 369759.933894 ,  133
 369759.934657 ,  98
 369759.935788 ,  139
 369759.936947 ,  129
 369759.937151 ,  129
 369759.937634 ,  134
 369759.937941 ,  135
 369759.939049 ,  136
 369759.939978 ,  126
 369759.940226 ,  132
 369759.940259 ,  178
 369759.940553 ,  132
 369759.940869 ,  129
 369759.941456 ,  157
 369759.941668 ,  131
 369759.942447 ,  132
 369759.943087 ,  118
 369759.943490 ,  123
 369759.943679 ,  128
 369759.943893 ,  134
 369759.944723 ,  113
 369759.944991 ,  136
 369759.945835 ,  126
 369759.946043 ,  126
 369759.946251 ,  130
 369759.946473 ,  134
 369759.946713 ,  136
 369759.948304 ,  148
 369759.948589 ,  138
 369759.949062 ,  141
 369759.949556 ,  143
 369759.949818 ,  143
 369759.950450 ,  140
 369759.951808 ,  127
 369759.951852 ,  150
 369759.952625 ,  125
 369759.952934 ,  125
 369759.953783 ,  122
 369759.954255 ,  121
 369759.955234 ,  118
 369759.955429 ,  120
 369759.955685 ,  125
 369759.956297 ,  122
 369759.956615 ,  139
 369759.957700 ,  98
 369759.958428 ,  127
 369759.958709 ,  128
 369759.960142 ,  133
 369759.960709 ,  124
 369759.960922 ,  124
 369759.961105 ,  127
 369759.961787 ,  158
 369759.962531 ,  130
 369759.963240 ,  122
 369759.963524 ,  123
 369759.963734 ,  122
 369759.964255 ,  123
 369759.964699 ,  130
 369759.964899 ,  133
 369759.966229 ,  129
 369759.966611 ,  132
 369759.966858 ,  138
 369759.967098 ,  139
 369759.967295 ,  140
 369759.968656 ,  140
 369759.969272 ,  141
 369759.969727 ,  109
 369759.969801 ,  137
 369759.969807 ,  149
 369759.970304 ,  135
 369759.971348 ,  134
 369759.971578 ,  128
 369759.971796 ,  111
 369759.973081 ,  173
 369759.974126 ,  138
 369759.974337 ,  131
 369759.974585 ,  134
 369759.974823 ,  133
 369759.975089 ,  170
 369759.976896 ,  137
 369759.977165 ,  129
 369759.978146 ,  133
 369759.978424 ,  133
 369759.978616 ,  133
 369759.978665 ,  93
 369759.978923 ,  137
 369759.979942 ,  130
 369759.980356 ,  131
 369759.980608 ,  138
 369759.980799 ,  138
 369759.981298 ,  143
 369759.982533 ,  139
 369759.982848 ,  140
 369759.983058 ,  138
 369759.983712 ,  137
 369759.983921 ,  136
 369759.984423 ,  140
 369759.985079 ,  141
 369759.987903 ,  136
 369759.988138 ,  130
 369759.988455 ,  131
 369759.988647 ,  129
 369759.988839 ,  134
 369759.989020 ,  139
 369759.989248 ,  146
 369759.989795 ,  148
 369759.990014 ,  147
 369759.990662 ,  120
 369759.991113 ,  146
 369759.992858 ,  147
 369759.994632 ,  131
 369759.994835 ,  133
 369759.995379 ,  140
 369759.995570 ,  186
 369759.995604 ,  137
 369759.996080 ,  139
 369759.996588 ,  142
 369759.997198 ,  130
 369759.997557 ,  136
 369759.997849 ,  144
 369759.998113 ,  143
 369759.999361 ,  151
 369759.999587 ,  141
 369760.000095 ,  146
 369760.000428 ,  145
 369760.000612 ,  142
 369760.001150 ,  149
 369760.001395 ,  149
 369760.001673 ,  150
 369760.002807 ,  154
 369760.003723 ,  143
 369760.005333 ,  146
 369760.005541 ,  141
 369760.005872 ,  145
 369760.006377 ,  141
 369760.006632 ,  143
 369760.008265 ,  137
 369760.008561 ,  131
 369760.009592 ,  133
 369760.010117 ,  132
 369760.010379 ,  132
 369760.011196 ,  129
 369760.011381 ,  122
 369760.011617 ,  128
 369760.011946 ,  138
 369760.012415 ,  149
 369760.015354 ,  138
 369760.015628 ,  142
 369760.015864 ,  142
 369760.017694 ,  177
 369760.017922 ,  144
 369760.018220 ,  144
 369760.018495 ,  142
 369760.018970 ,  144
 369760.019719 ,  154
 369760.020376 ,  139
 369760.020639 ,  139
 369760.021078 ,  141
 369760.021633 ,  144
 369760.022579 ,  142
 369760.023195 ,  133
 369760.024122 ,  144
 369760.025484 ,  148
 369760.025741 ,  139
 369760.026568 ,  142
 369760.027302 ,  140
 369760.027793 ,  142
 369760.028331 ,  144
 369760.028623 ,  136
 369760.028845 ,  135
 369760.029128 ,  137
 369760.029636 ,  135
 369760.030194 ,  137
 369760.030817 ,  129
 369760.031168 ,  137
 369760.031625 ,  131
 369760.032432 ,  138
 369760.033113 ,  143
 369760.034204 ,  139
 369760.034406 ,  138
 369760.034604 ,  142
 369760.035357 ,  148
 369760.035918 ,  93
 369760.036669 ,  147
 369760.037124 ,  139
 369760.037355 ,  144
 369760.038037 ,  150
 369760.038590 ,  147
 369760.039360 ,  157
 369760.039577 ,  147
 369760.039884 ,  150
 369760.040775 ,  156
 369760.041021 ,  159
 369760.043154 ,  150
 369760.043372 ,  148
 369760.043924 ,  105
 369760.045044 ,  156
 369760.045230 ,  149
 369760.045470 ,  156
 369760.045993 ,  159
 369760.046935 ,  163
 369760.047155 ,  99
 369760.047172 ,  164
 369760.047354 ,  135
 369760.047477 ,  190
 369760.048262 ,  164
 369760.048391 ,  154
 369760.048608 ,  160
 369760.048875 ,  163
 369760.049653 ,  164
 369760.050225 ,  162
 369760.050737 ,  159
 369760.050897 ,  118
 369760.050991 ,  150
 369760.051439 ,  153
 369760.051715 ,  155
 369760.052172 ,  155
 369760.052438 ,  158
 369760.053078 ,  155
 369760.053555 ,  152
 369760.053816 ,  144
 369760.054082 ,  144
 369760.054794 ,  155
 369760.055038 ,  153
 369760.056328 ,  154
 369760.056565 ,  173
 369760.056621 ,  146
 369760.058824 ,  162
 369760.059134 ,  151
 369760.059389 ,  149
 369760.059550 ,  149
 369760.060119 ,  158
 369760.060639 ,  158
 369760.060872 ,  157
 369760.061688 ,  154
 369760.062281 ,  141
 369760.062420 ,  145
 369760.062592 ,  160
 369760.064702 ,  169
 369760.064988 ,  164
 369760.065244 ,  163
 369760.065555 ,  163
 369760.065818 ,  160
 369760.066150 ,  160
 369760.066960 ,  184
 369760.067663 ,  151
 369760.068582 ,  160
 369760.068651 ,  169
 369760.068781 ,  166
 369760.070222 ,  171
 369760.070650 ,  159
 369760.072236 ,  164
 369760.072796 ,  167
 369760.073169 ,  157
 369760.073341 ,  152
 369760.073521 ,  161
 369760.073805 ,  169
 369760.074078 ,  168
 369760.074324 ,  167
 369760.074596 ,  168
 369760.075314 ,  170
 369760.075945 ,  172
 369760.076397 ,  160
 369760.076550 ,  102
 369760.077295 ,  93
 369760.077552 ,  159
 369760.077757 ,  163
 369760.078095 ,  168
 369760.078584 ,  164
 369760.079139 ,  151
 369760.079570 ,  154
 369760.079837 ,  159
 369760.080074 ,  159
 369760.080384 ,  160
 369760.080674 ,  157
 369760.081360 ,  164
 369760.081962 ,  152
 369760.082297 ,  151
 369760.082593 ,  92
 369760.083040 ,  150
 369760.083228 ,  151
 369760.083442 ,  158
 369760.083996 ,  162
 369760.084203 ,  152
 369760.084455 ,  156
 369760.085154 ,  165
 369760.085742 ,  166
 369760.085999 ,  162
 369760.086355 ,  136
 369760.086745 ,  168
 369760.087061 ,  157
 369760.087261 ,  154
 369760.087524 ,  159
 369760.087782 ,  159
 369760.088092 ,  159
 369760.088319 ,  156
 369760.088555 ,  158
 369760.088769 ,  160
 369760.090023 ,  154
 369760.090210 ,  156
 369760.090443 ,  163
 369760.091028 ,  164
 369760.091455 ,  166
 369760.092125 ,  148
 369760.092265 ,  167
 369760.092504 ,  157
 369760.092659 ,  158
 369760.092913 ,  171
 369760.093193 ,  171
 369760.093716 ,  167
 369760.094193 ,  176
 369760.094391 ,  176
 369760.095279 ,  167
 369760.095567 ,  169
 369760.095815 ,  167
 369760.096385 ,  165
 369760.096631 ,  165
 369760.097155 ,  165
 369760.097796 ,  166
 369760.098587 ,  153
 369760.098984 ,  158
 369760.099607 ,  160
 369760.100361 ,  162
 369760.100566 ,  153
 369760.100775 ,  157
 369760.101357 ,  159
 369760.101591 ,  158
 369760.103685 ,  146
 369760.103930 ,  148
 369760.104193 ,  149
 369760.104449 ,  149
 369760.105761 ,  152
 369760.106856 ,  140
 369760.107129 ,  126
 369760.107138 ,  140
 369760.107353 ,  139
 369760.107826 ,  144
 369760.108074 ,  145
 369760.108958 ,  148
 369760.109205 ,  153
 369760.109615 ,  165
 369760.110456 ,  163
 369760.110702 ,  162
 369760.111291 ,  163
 369760.111781 ,  156
 369760.113284 ,  160
 369760.115295 ,  165
 369760.116370 ,  162
 369760.117192 ,  153
 369760.117836 ,  156
 369760.118227 ,  170
 369760.118449 ,  174
 369760.118712 ,  175
 369760.119922 ,  164
 369760.120147 ,  158
 369760.120385 ,  161
 369760.120907 ,  162
 369760.121708 ,  160
 369760.122667 ,  122
 369760.123438 ,  152
 369760.123944 ,  158
 369760.124147 ,  157
 369760.124411 ,  162
 369760.124771 ,  82
 369760.125812 ,  156
 369760.126012 ,  165
 369760.126299 ,  171
 369760.126560 ,  169
 369760.127233 ,  175
 369760.128067 ,  176
 369760.128374 ,  166
 369760.128558 ,  163
 369760.128736 ,  171
 369760.129002 ,  180
 369760.129500 ,  182
 369760.129736 ,  182
 369760.131466 ,  167
 369760.132320 ,  166
 369760.132799 ,  164
 369760.132881 ,  111
 369760.133410 ,  166
 369760.133889 ,  161
 369760.134145 ,  153
 369760.134449 ,  153
 369760.134703 ,  151
 369760.135049 ,  161
 369760.135510 ,  172
 369760.135748 ,  173
 369760.136948 ,  158
 369760.137250 ,  157
 369760.137417 ,  155
 369760.138789 ,  113
 369760.139614 ,  151
 369760.140774 ,  165
 369760.141282 ,  165
 369760.142153 ,  171
 369760.142410 ,  159
 369760.142625 ,  171
 369760.142898 ,  157
 369760.143219 ,  160
 369760.143433 ,  157
 369760.144024 ,  157
 369760.144195 ,  170
 369760.144873 ,  157
 369760.145118 ,  147
 369760.145313 ,  148
 369760.145625 ,  154
 369760.146034 ,  156
 369760.146186 ,  103
 369760.146566 ,  159
 369760.147844 ,  147
 369760.148030 ,  154
 369760.148258 ,  161
 369760.148545 ,  163
 369760.148766 ,  162
 369760.149497 ,  167
 369760.151106 ,  159
 369760.151588 ,  164
 369760.153033 ,  157
 369760.153231 ,  148
 369760.153581 ,  153
 369760.153868 ,  149
 369760.154135 ,  148
 369760.154928 ,  147
 369760.156089 ,  150
 369760.156297 ,  155
 369760.156997 ,  154
 369760.157650 ,  108
 369760.158249 ,  94
 369760.158310 ,  157
 369760.159015 ,  144
 369760.159187 ,  144
 369760.159422 ,  109
 369760.159662 ,  154
 369760.160451 ,  152
 369760.161582 ,  150
 369760.161849 ,  142
 369760.162045 ,  172
 369760.162138 ,  142
 369760.162384 ,  141
 369760.162567 ,  142
 369760.163064 ,  149
 369760.163281 ,  150
 369760.163532 ,  153
 369760.164295 ,  152
 369760.164900 ,  162
 369760.165746 ,  161
 369760.166198 ,  132
 369760.167494 ,  153
 369760.167640 ,  158
 369760.168079 ,  176
 369760.168340 ,  180
 369760.168566 ,  180
 369760.168811 ,  183
 369760.170671 ,  174
 369760.170789 ,  168
 369760.171056 ,  168
 369760.172383 ,  173
 369760.172565 ,  161
 369760.172935 ,  174
 369760.173333 ,  166
 369760.173490 ,  200
 369760.174074 ,  174
 369760.174620 ,  104
 369760.174636 ,  172
 369760.174671 ,  179
 369760.175235 ,  171
 369760.175750 ,  156
 369760.176242 ,  170
 369760.176518 ,  168
 369760.176584 ,  168
 369760.177014 ,  170
 369760.178834 ,  170
 369760.179365 ,  163
 369760.179627 ,  168
 369760.180641 ,  175
 369760.181027 ,  169
 369760.181224 ,  177
 369760.181516 ,  183
 369760.181730 ,  181
 369760.183416 ,  171
 369760.184124 ,  157
 369760.184376 ,  155
 369760.184622 ,  155
 369760.185266 ,  168
 369760.185592 ,  168
 369760.186062 ,  164
 369760.186351 ,  156
 369760.186800 ,  159
 369760.187637 ,  155
 369760.189696 ,  152
 369760.189889 ,  155
 369760.190281 ,  168
 369760.190672 ,  185
 369760.191493 ,  161
 369760.191719 ,  156
 369760.192455 ,  160
 369760.192705 ,  161
 369760.193124 ,  168
 369760.194116 ,  159
 369760.194427 ,  163
 369760.196069 ,  159
 369760.196560 ,  155
 369760.196814 ,  147
 369760.196944 ,  147
 369760.197289 ,  164
 369760.197510 ,  160
 369760.197909 ,  168
 369760.198169 ,  169
 369760.199071 ,  165
 369760.199286 ,  155
 369760.199965 ,  156
 369760.200240 ,  151
 369760.200493 ,  151
 369760.200734 ,  151
 369760.200978 ,  152
 369760.201809 ,  151
 369760.202044 ,  142
 369760.204299 ,  155
 369760.204717 ,  147
 369760.205234 ,  154
 369760.205475 ,  154
 369760.205667 ,  155
 369760.206002 ,  161
 369760.206246 ,  157
 369760.206505 ,  158
 369760.206704 ,  100
 369760.207047 ,  157
 369760.207521 ,  147
 369760.210393 ,  164
 369760.211300 ,  160
 369760.211891 ,  118
 369760.212263 ,  172
 369760.213080 ,  158
 369760.214227 ,  101
 369760.214285 ,  179
 369760.215399 ,  167
 369760.215669 ,  163
 369760.215929 ,  163
 369760.216377 ,  165
 369760.217203 ,  218
 369760.217515 ,  169
 369760.217945 ,  162
 369760.220357 ,  119
 369760.221711 ,  154
 369760.221921 ,  154
 369760.222941 ,  156
 369760.223180 ,  148
 369760.224201 ,  149
 369760.224507 ,  151
 369760.224785 ,  149
 369760.225482 ,  146
 369760.225650 ,  141
 369760.225844 ,  150
 369760.226313 ,  159
 369760.226837 ,  158
 369760.227301 ,  161
 369760.228071 ,  162
 369760.228342 ,  153
 369760.228519 ,  153
 369760.228732 ,  161
 369760.229065 ,  165
 369760.229270 ,  161
 369760.230564 ,  172
 369760.231662 ,  156
 369760.231951 ,  157
 369760.232511 ,  156
 369760.232864 ,  154
 369760.233237 ,  150
 369760.233506 ,  145
 369760.234112 ,  153
 369760.234507 ,  168
 369760.234764 ,  171
 369760.235035 ,  171
 369760.235777 ,  170
 369760.236029 ,  162
 369760.236267 ,  162
 369760.236311 ,  96
 369760.236573 ,  205
 369760.238345 ,  166
 369760.238752 ,  155
 369760.239012 ,  149
 369760.239259 ,  149
 369760.239728 ,  150
 369760.240974 ,  147
 369760.241201 ,  152
 369760.241712 ,  154
 369760.242109 ,  154
 369760.242400 ,  148
 369760.243347 ,  142
 369760.243592 ,  139
 369760.244226 ,  145
 369760.244291 ,  150
 369760.244395 ,  152
 369760.244684 ,  161
 369760.244922 ,  160
 369760.246726 ,  149
 369760.247379 ,  210
 369760.247533 ,  151
 369760.247756 ,  153
 369760.248824 ,  150
 369760.249027 ,  148
 369760.249766 ,  156
 369760.251115 ,  144
 369760.251633 ,  148
 369760.252656 ,  151
 369760.253104 ,  95
 369760.254088 ,  166
 369760.255524 ,  153
 369760.256100 ,  155
 369760.256321 ,  145
 369760.258771 ,  151
 369760.259560 ,  140
 369760.259817 ,  141
 369760.260091 ,  141
 369760.260320 ,  141
 369760.261024 ,  146
 369760.261630 ,  136
 369760.261876 ,  135
 369760.262058 ,  164
 369760.263063 ,  138
 369760.263146 ,  110
 369760.263495 ,  145
 369760.264139 ,  144
 369760.265179 ,  151
 369760.265395 ,  151
 369760.266157 ,  145
 369760.266498 ,  147
 369760.267883 ,  140
 369760.268583 ,  144
 369760.268818 ,  136
 369760.270100 ,  140
 369760.271138 ,  145
 369760.271328 ,  136
 369760.271730 ,  153
 369760.271984 ,  154
 369760.272194 ,  154
 369760.273200 ,  159
 369760.273397 ,  129
 369760.277236 ,  143
 369760.277925 ,  197
 369760.278386 ,  153
 369760.278867 ,  151
 369760.279325 ,  144
 369760.279615 ,  147
 369760.279843 ,  146
 369760.280419 ,  148
 369760.280655 ,  145
 369760.280945 ,  107
 369760.281560 ,  144
 369760.282178 ,  145
 369760.282410 ,  148
 369760.284120 ,  148
 369760.284411 ,  158
 369760.284617 ,  156
 369760.284822 ,  161
 369760.285907 ,  165
 369760.286721 ,  154
 369760.287238 ,  152
 369760.287470 ,  152
 369760.287725 ,  154
 369760.288223 ,  156
 369760.288435 ,  156
 369760.288500 ,  86
 369760.289020 ,  160
 369760.289197 ,  150
 369760.289426 ,  196
 369760.291672 ,  151
 369760.292101 ,  147
 369760.292605 ,  150
 369760.294985 ,  150
 369760.295288 ,  150
 369760.295515 ,  148
 369760.296037 ,  150
 369760.296324 ,  151
 369760.296740 ,  150
 369760.297106 ,  144
 369760.297540 ,  150
 369760.298159 ,  149
 369760.299339 ,  144
 369760.299848 ,  154
 369760.300033 ,  154
 369760.300611 ,  158
 369760.301069 ,  160
 369760.302112 ,  153
 369760.302276 ,  101
 369760.302551 ,  157
 369760.303010 ,  166
 369760.303572 ,  169
 369760.303658 ,  117
 369760.304198 ,  166
 369760.304395 ,  155
 369760.305379 ,  154
 369760.306942 ,  148
 369760.307204 ,  141
 369760.307625 ,  141
 369760.308120 ,  129
 369760.309224 ,  156
 369760.309491 ,  147
 369760.310293 ,  148
 369760.311676 ,  148
 369760.312548 ,  151
 369760.312795 ,  154
 369760.314121 ,  158
 369760.315080 ,  147
 369760.316638 ,  145
 369760.317847 ,  144
 369760.318055 ,  148
 369760.318317 ,  152
 369760.319336 ,  152
 369760.319560 ,  143
 369760.319877 ,  145
 369760.320153 ,  142
 369760.321147 ,  146
 369760.321416 ,  206
 369760.321903 ,  145
 369760.322369 ,  121
 369760.322886 ,  140
 369760.323440 ,  142
 369760.324385 ,  136
 369760.324823 ,  143
 369760.325019 ,  147
 369760.325235 ,  152
 369760.325878 ,  153
 369760.326095 ,  149
 369760.326817 ,  149
 369760.329219 ,  152
 369760.329632 ,  154
 369760.330959 ,  154
 369760.331254 ,  156
 369760.332228 ,  152
 369760.332494 ,  148
 369760.333114 ,  143
 369760.333292 ,  143
 369760.333468 ,  151
 369760.334023 ,  159
 369760.335513 ,  142
 369760.336452 ,  150
 369760.336734 ,  141
 369760.337827 ,  141
 369760.338029 ,  139
 369760.338328 ,  144
 369760.339290 ,  135
 369760.339461 ,  141
 369760.339754 ,  204
 369760.339989 ,  150
 369760.340221 ,  149
 369760.341530 ,  157
 369760.341865 ,  147
 369760.342034 ,  144
 369760.342500 ,  155
 369760.343084 ,  150
 369760.343366 ,  151
 369760.344653 ,  153
 369760.346787 ,  140
 369760.347409 ,  137
 369760.347673 ,  136
 369760.348158 ,  137
 369760.348381 ,  138
 369760.349140 ,  139
 369760.349483 ,  133
 369760.349724 ,  130
 369760.350640 ,  139
 369760.350846 ,  140
 369760.351017 ,  144
 369760.351585 ,  153
 369760.352381 ,  144
 369760.352590 ,  144
 369760.352761 ,  96
 369760.352881 ,  148
 369760.353899 ,  149
 369760.354722 ,  107
 369760.354736 ,  142
 369760.355346 ,  140
 369760.356879 ,  149
 369760.358030 ,  151
 369760.358278 ,  151
 369760.358522 ,  168
 369760.358572 ,  152
 369760.358719 ,  88
 369760.359057 ,  149
 369760.359236 ,  141
 369760.359405 ,  148
 369760.359672 ,  157
 369760.360025 ,  157
 369760.361299 ,  163
 369760.361560 ,  153
 369760.362515 ,  149
 369760.363233 ,  159
 369760.363989 ,  141
 369760.364674 ,  141
 369760.365492 ,  139
 369760.365695 ,  140
 369760.366842 ,  150
 369760.367599 ,  147
 369760.368012 ,  150
 369760.368589 ,  159
 369760.368764 ,  149
 369760.369404 ,  157
 369760.371339 ,  152
 369760.371787 ,  153
 369760.372332 ,  154
 369760.372563 ,  155
 369760.372698 ,  103
 369760.372936 ,  147
 369760.373768 ,  148
 369760.374190 ,  153
 369760.374424 ,  155
 369760.375855 ,  156
 369760.376117 ,  163
 369760.377246 ,  164
 369760.378101 ,  161
 369760.379238 ,  149
 369760.379468 ,  147
 369760.379818 ,  174
 369760.380530 ,  150
 369760.380730 ,  141
 369760.380911 ,  146
 369760.381420 ,  159
 369760.381995 ,  156
 369760.382847 ,  151
 369760.383419 ,  153
 369760.385110 ,  155
 369760.385298 ,  146
 369760.385572 ,  152
 369760.386192 ,  152
 369760.387104 ,  144
 369760.387594 ,  142
 369760.387804 ,  135
 369760.388666 ,  137
 369760.389591 ,  160
 369760.390132 ,  134
 369760.390285 ,  141
 369760.390906 ,  147
 369760.391532 ,  139
 369760.391939 ,  148
 369760.392602 ,  141
 369760.392889 ,  141
 369760.393788 ,  136
 369760.394475 ,  145
 369760.394630 ,  137
 369760.394859 ,  147
 369760.395101 ,  149
 369760.395461 ,  150
 369760.396014 ,  113
 369760.396077 ,  149
 369760.396263 ,  143
 369760.397032 ,  147
 369760.397778 ,  149
 369760.398629 ,  117
 369760.399102 ,  147
 369760.399376 ,  138
 369760.399879 ,  140
 369760.400679 ,  140
 369760.402193 ,  142
 369760.402460 ,  138
 369760.402698 ,  137
 369760.402735 ,  192
 369760.402954 ,  138
 369760.403709 ,  142
 369760.403885 ,  134
 369760.404025 ,  141
 369760.404277 ,  155
 369760.404531 ,  155
 369760.404796 ,  155
 369760.405814 ,  162
 369760.406449 ,  151
 369760.406766 ,  154
 369760.407275 ,  152
 369760.408513 ,  118
 369760.409337 ,  145
 369760.409528 ,  146
 369760.410082 ,  147
 369760.413222 ,  141
 369760.416172 ,  135
 369760.418475 ,  146
 369760.418819 ,  148
 369760.419116 ,  144
 369760.419431 ,  89
 369760.420042 ,  106
 369760.420351 ,  140
 369760.420651 ,  139
 369760.421489 ,  135
 369760.422316 ,  136
 369760.422589 ,  127
 369760.422881 ,  126
 369760.423120 ,  125
 369760.424230 ,  142
 369760.424525 ,  178
 369760.425738 ,  146
 369760.426017 ,  141
 369760.426336 ,  140
 369760.426814 ,  111
 369760.426821 ,  198
 369760.426871 ,  201
 369760.427025 ,  301
 369760.427246 ,  84
 369760.427256 ,  157
 369760.427431 ,  110
 369760.427446 ,  94
 369760.427454 ,  105
 369760.427495 ,  325
 369760.427833 ,  105
 369760.428322 ,  105
 369760.428364 ,  178
 369760.428458 ,  127
 369760.428861 ,  173
 369760.429381 ,  178
 369760.429608 ,  137
 369760.429795 ,  140
 369760.429883 ,  184
 369760.430119 ,  244
 369760.430127 ,  120
 369760.430636 ,  138
 369760.430942 ,  125
 369760.431106 ,  142
 369760.431729 ,  187
 369760.432447 ,  173
 369760.432782 ,  178
 369760.433117 ,  174
 369760.433441 ,  170
 369760.433810 ,  135
 369760.434018 ,  143
 369760.434875 ,  156
 369760.435078 ,  148
 369760.435534 ,  100
 369760.436640 ,  144
 369760.437328 ,  135
 369760.437646 ,  135
 369760.438230 ,  132
 369760.438465 ,  131
 369760.439229 ,  137
 369760.439398 ,  129
 369760.441129 ,  150
 369760.441561 ,  148
 369760.441986 ,  142
 369760.442250 ,  149
 369760.442546 ,  149
 369760.442688 ,  180
 369760.442807 ,  146
 369760.443851 ,  154
 369760.444258 ,  144
 369760.444501 ,  138
 369760.445689 ,  148
 369760.446379 ,  141
 369760.446676 ,  144
 369760.447815 ,  158
 369760.448257 ,  156
 369760.448468 ,  149
 369760.448674 ,  153
 369760.449735 ,  158
 369760.450531 ,  158
 369760.451001 ,  102
 369760.451619 ,  151
 369760.452054 ,  151
 369760.452804 ,  152
 369760.453288 ,  148
 369760.454266 ,  154
 369760.454585 ,  101
 369760.455102 ,  148
 369760.455588 ,  141
 369760.455870 ,  142
 369760.455944 ,  106
 369760.457369 ,  146
 369760.457555 ,  138
 369760.458008 ,  145
 369760.458378 ,  149
 369760.458560 ,  98
 369760.460525 ,  146
 369760.460733 ,  150
 369760.461096 ,  163
 369760.461907 ,  165
 369760.462151 ,  156
 369760.462410 ,  157
 369760.464130 ,  129
 369760.464825 ,  141
 369760.465636 ,  141
 369760.465965 ,  142
 369760.466370 ,  139
 369760.466750 ,  133
 369760.467095 ,  135
 369760.467974 ,  154
 369760.468921 ,  147
 369760.469445 ,  143
 369760.469711 ,  142
 369760.469948 ,  142
 369760.470770 ,  142
 369760.470905 ,  148
 369760.471033 ,  133
 369760.471521 ,  133
 369760.471864 ,  126
 369760.472104 ,  123
 369760.473195 ,  132
 369760.473575 ,  137
 369760.474025 ,  150
 369760.474987 ,  146
 369760.475422 ,  143
 369760.475874 ,  126
 369760.476140 ,  130
 369760.476512 ,  181
 369760.477611 ,  130
 369760.477835 ,  125
 369760.477887 ,  118
 369760.478010 ,  127
 369760.478190 ,  134
 369760.479036 ,  137
 369760.479254 ,  137
 369760.479762 ,  140
 369760.479920 ,  132
 369760.480054 ,  142
 369760.481043 ,  151
 369760.482250 ,  145
 369760.482729 ,  151
 369760.483065 ,  106
 369760.483465 ,  151
 369760.483786 ,  156
 369760.484241 ,  153
 369760.484444 ,  146
 369760.484448 ,  107
 369760.484893 ,  155
 369760.485336 ,  157
 369760.485569 ,  162
 369760.485806 ,  164
 369760.486556 ,  155
 369760.486752 ,  161
 369760.487869 ,  209
 369760.488915 ,  149
 369760.489229 ,  157
 369760.489470 ,  154
 369760.489722 ,  155
 369760.489994 ,  155
 369760.490380 ,  165
 369760.491355 ,  143
 369760.492613 ,  148
 369760.492714 ,  196
 369760.493317 ,  142
 369760.493533 ,  143
 369760.494099 ,  146
 369760.494624 ,  141
 369760.495328 ,  152
 369760.497076 ,  135
 369760.497597 ,  137
 369760.497780 ,  129
 369760.498012 ,  135
 369760.498976 ,  130
 369760.499434 ,  129
 369760.499965 ,  134
 369760.500418 ,  127
 369760.500837 ,  131
 369760.501070 ,  137
 369760.501302 ,  139
 369760.502140 ,  145
 369760.502309 ,  141
 369760.502590 ,  150
 369760.503091 ,  150
 369760.503564 ,  95
 369760.504836 ,  143
 369760.505161 ,  149
 369760.505654 ,  150
 369760.505780 ,  113
 369760.505877 ,  149
 369760.506336 ,  152
 369760.506900 ,  146
 369760.507219 ,  142
 369760.507525 ,  139
 369760.507794 ,  137
 369760.508044 ,  137
 369760.508751 ,  130
 369760.509221 ,  134
 369760.509462 ,  138
 369760.509872 ,  186
 369760.510172 ,  142
 369760.510941 ,  133
 369760.511314 ,  139
 369760.512067 ,  133
 369760.512345 ,  119
 369760.512577 ,  145
 369760.513051 ,  143
 369760.513305 ,  136
 369760.513621 ,  136
 369760.513834 ,  134
 369760.514196 ,  137
 369760.514394 ,  133
 369760.514644 ,  138
 369760.515129 ,  137
 369760.515533 ,  132
 369760.516409 ,  197
 369760.516639 ,  138
 369760.517887 ,  136
 369760.518219 ,  195
 369760.518288 ,  137
 369760.518741 ,  145
 369760.518929 ,  147
 369760.519827 ,  148
 369760.520148 ,  154
 369760.520721 ,  150
 369760.521188 ,  148
 369760.521891 ,  153
 369760.522393 ,  150
 369760.522948 ,  148
 369760.523174 ,  146
 369760.523659 ,  147
 369760.523680 ,  151
 369760.525430 ,  149
 369760.525631 ,  146
 369760.526156 ,  151
 369760.526320 ,  142
 369760.526464 ,  152
 369760.526636 ,  166
 369760.526918 ,  173
 369760.528785 ,  162
 369760.528935 ,  105
 369760.529043 ,  158
 369760.529333 ,  158
 369760.530128 ,  158
 369760.531996 ,  144
 369760.534146 ,  140
 369760.534875 ,  95
 369760.536040 ,  129
 369760.536526 ,  129
 369760.537038 ,  90
 369760.537704 ,  143
 369760.538033 ,  153
 369760.538276 ,  150
 369760.538529 ,  151
 369760.539003 ,  146
 369760.539771 ,  150
 369760.540509 ,  147
 369760.541700 ,  142
 369760.542070 ,  137
 369760.542281 ,  149
 369760.542449 ,  153
 369760.542984 ,  157
 369760.543772 ,  151
 369760.543975 ,  154
 369760.544932 ,  151
 369760.545225 ,  149
 369760.546251 ,  137
 369760.546675 ,  129
 369760.546775 ,  138
 369760.547350 ,  138
 369760.547584 ,  137
 369760.548397 ,  131
 369760.548959 ,  135
 369760.549225 ,  132
 369760.550148 ,  150
 369760.550573 ,  142
 369760.551268 ,  142
 369760.551569 ,  139
 369760.552282 ,  145
 369760.552489 ,  137
 369760.553065 ,  142
 369760.555510 ,  140
 369760.555980 ,  140
 369760.556681 ,  141
 369760.556844 ,  136
 369760.558100 ,  152
 369760.558234 ,  111
 369760.558846 ,  147
 369760.559047 ,  141
 369760.559858 ,  146
 369760.560845 ,  152
 369760.561082 ,  143
 369760.562469 ,  106
 369760.563137 ,  154
 369760.563529 ,  145
 369760.563980 ,  143
 369760.564741 ,  148
 369760.566547 ,  139
 369760.566747 ,  140
 369760.567247 ,  103
 369760.567291 ,  145
 369760.567498 ,  136
 369760.569893 ,  152
 369760.570105 ,  156
 369760.570380 ,  206
 369760.570684 ,  158
 369760.570945 ,  154
 369760.571613 ,  145
 369760.572050 ,  157
 369760.572263 ,  165
 369760.572597 ,  169
 369760.573687 ,  155
 369760.574268 ,  155
 369760.575564 ,  153
 369760.575884 ,  144
 369760.576180 ,  141
 369760.576650 ,  140
 369760.577576 ,  153
 369760.578580 ,  149
 369760.578814 ,  147
 369760.579863 ,  138
 369760.580098 ,  142
 369760.580531 ,  149
 369760.581052 ,  154
 369760.582120 ,  143
 369760.582556 ,  142
 369760.583034 ,  144
 369760.583219 ,  149
 369760.584004 ,  152
 369760.585067 ,  143
 369760.585955 ,  146
 369760.586914 ,  150
 369760.587176 ,  150
 369760.588433 ,  139
 369760.588982 ,  139
 369760.589208 ,  142
 369760.590477 ,  137
 369760.591010 ,  136
 369760.591513 ,  142
 369760.592203 ,  133
 369760.592465 ,  132
 369760.592728 ,  132
 369760.593381 ,  135
 369760.593852 ,  142
 369760.594452 ,  159
 369760.594980 ,  155
 369760.595653 ,  146
 369760.595910 ,  165
 369760.596504 ,  159
 369760.597124 ,  150
 369760.597618 ,  150
 369760.597684 ,  112
 369760.598135 ,  151
 369760.598345 ,  143
 369760.598563 ,  147
 369760.598872 ,  149
 369760.599371 ,  147
 369760.600202 ,  139
 369760.600380 ,  140
 369760.601375 ,  149
 369760.602051 ,  164
 369760.602064 ,  189
 369760.602269 ,  154
 369760.602515 ,  157
 369760.602766 ,  156
 369760.602997 ,  156
 369760.603240 ,  158
 369760.603743 ,  160
 369760.604225 ,  160
 369760.604476 ,  152
 369760.604760 ,  152
 369760.605261 ,  153
 369760.605495 ,  153
 369760.606394 ,  148
 369760.606654 ,  141
 369760.606955 ,  141
 369760.607475 ,  139
 369760.607662 ,  114
 369760.607734 ,  139
 369760.608200 ,  139
 369760.608379 ,  132
 369760.608639 ,  139
 369760.608828 ,  139
 369760.608906 ,  150
 369760.609078 ,  145
 369760.610280 ,  140
 369760.610518 ,  132
 369760.610944 ,  141
 369760.611801 ,  147
 369760.612030 ,  207
 369760.612913 ,  148
 369760.613495 ,  144
 369760.613796 ,  144
 369760.614472 ,  142
 369760.614647 ,  137
 369760.615634 ,  148
 369760.615835 ,  149
 369760.616465 ,  90
 369760.616999 ,  158
 369760.617249 ,  158
 369760.617469 ,  158
 369760.617944 ,  162
 369760.618734 ,  153
 369760.619290 ,  155
 369760.619796 ,  152
 369760.619908 ,  105
 369760.620038 ,  155
 369760.620495 ,  156
 369760.620734 ,  81
 369760.620923 ,  154
 369760.621492 ,  152
 369760.621711 ,  153
 369760.622025 ,  156
 369760.622491 ,  153
 369760.623204 ,  157
 369760.624513 ,  144
 369760.624751 ,  148
 369760.624951 ,  126
 369760.625017 ,  149
 369760.626130 ,  189
 369760.626865 ,  137
 369760.627573 ,  147
 369760.627894 ,  114
 369760.628327 ,  151
 369760.628555 ,  142
 369760.628844 ,  144
 369760.629117 ,  143
 369760.629384 ,  143
 369760.630284 ,  154
 369760.630490 ,  146
 369760.630834 ,  149
 369760.631065 ,  145
 369760.631358 ,  147
 369760.631612 ,  146
 369760.632521 ,  142
 369760.633516 ,  148
 369760.634643 ,  144
 369760.634907 ,  145
 369760.635483 ,  142
 369760.635779 ,  143
 369760.636208 ,  141
 369760.637307 ,  134
 369760.637520 ,  135
 369760.637796 ,  138
 369760.637870 ,  145
 369760.638254 ,  138
 369760.638769 ,  144
 369760.638940 ,  157
 369760.641446 ,  150
 369760.641899 ,  152
 369760.642253 ,  145
 369760.642526 ,  141
 369760.642959 ,  81
 369760.643032 ,  141
 369760.643265 ,  141
 369760.644194 ,  112
 369760.644420 ,  136
 369760.645567 ,  116
 369760.646467 ,  143
 369760.646780 ,  144
 369760.647394 ,  139
 369760.647708 ,  81
 369760.648710 ,  131
 369760.649440 ,  141
 369760.649630 ,  138
 369760.650654 ,  140
 369760.651302 ,  134
 369760.651809 ,  137
 369760.652232 ,  135
 369760.652439 ,  129
 369760.653056 ,  130
 369760.653508 ,  133
 369760.653885 ,  86
 369760.654356 ,  134
 369760.654531 ,  141
 369760.654974 ,  146
 369760.655297 ,  139
 369760.655549 ,  136
 369760.656523 ,  127
 369760.656938 ,  138
 369760.657452 ,  138
 369760.658506 ,  138
 369760.658744 ,  146
 369760.659547 ,  146
 369760.660404 ,  140
 369760.661673 ,  147
 369760.662651 ,  143
 369760.666378 ,  145
 369760.666701 ,  109
 369760.669180 ,  147
 369760.670768 ,  139
 369760.671041 ,  138
 369760.672040 ,  141
 369760.672234 ,  133
 369760.672972 ,  142
 369760.673934 ,  139
 369760.674097 ,  134
 369760.674291 ,  143
 369760.674341 ,  110
 369760.674471 ,  148
 369760.674728 ,  154
 369760.675985 ,  147
 369760.676993 ,  150
 369760.677781 ,  153
 369760.677992 ,  144
 369760.679109 ,  143
 369760.680155 ,  135
 369760.680496 ,  134
 369760.681108 ,  189
 369760.681701 ,  140
 369760.682201 ,  134
 369760.682485 ,  134
 369760.682792 ,  132
 369760.683777 ,  123
 369760.683948 ,  126
 369760.684679 ,  138
 369760.685145 ,  138
 369760.685816 ,  135
 369760.685986 ,  143
 369760.686283 ,  152
 369760.686588 ,  150
 369760.687554 ,  144
 369760.687867 ,  139
 369760.688400 ,  136
 369760.688624 ,  137
 369760.689764 ,  132
 369760.690080 ,  138
 369760.690307 ,  136
 369760.690576 ,  138
 369760.691857 ,  133
 369760.692119 ,  134
 369760.692343 ,  134
 369760.693606 ,  136
 369760.693821 ,  129
 369760.694032 ,  132
 369760.694517 ,  138
 369760.694983 ,  137
 369760.695498 ,  141
 369760.696313 ,  139
 369760.696737 ,  172
 369760.696804 ,  138
 369760.697025 ,  137
 369760.697552 ,  140
 369760.698116 ,  91
 369760.698126 ,  145
 369760.698658 ,  151
 369760.699031 ,  88
 369760.699448 ,  150
 369760.700414 ,  153
 369760.700640 ,  151
 369760.700821 ,  153
 369760.701826 ,  152
 369760.702313 ,  158
 369760.702613 ,  157
 369760.702914 ,  198
 369760.704333 ,  140
 369760.704664 ,  141
 369760.705809 ,  159
 369760.706100 ,  185
 369760.706411 ,  156
 369760.706652 ,  189
 369760.706764 ,  152
 369760.707242 ,  148
 369760.707454 ,  140
 369760.707688 ,  144
 369760.707985 ,  146
 369760.708292 ,  144
 369760.709044 ,  142
 369760.709478 ,  140
 369760.710131 ,  139
 369760.710872 ,  134
 369760.712440 ,  127
 369760.712711 ,  136
 369760.713099 ,  136
 369760.713305 ,  131
 369760.713422 ,  135
 369760.713754 ,  155
 369760.715226 ,  156
 369760.715528 ,  152
 369760.715791 ,  150
 369760.716314 ,  150
 369760.718319 ,  136
 369760.718614 ,  107
 369760.719503 ,  136
 369760.720685 ,  134
 369760.721443 ,  133
 369760.721891 ,  102
 369760.721928 ,  134
 369760.722695 ,  127
 369760.722988 ,  127
 369760.723235 ,  126
 369760.725037 ,  131
 369760.725549 ,  144
 369760.725856 ,  143
 369760.728280 ,  140
 369760.728371 ,  191
 369760.728488 ,  132
 369760.728798 ,  136
 369760.729031 ,  134
 369760.729297 ,  136
 369760.729752 ,  139
 369760.730242 ,  140
 369760.730364 ,  107
 369760.731324 ,  131
 369760.731703 ,  86
 369760.732082 ,  129
 369760.732258 ,  123
 369760.732587 ,  130
 369760.733466 ,  134
 369760.734001 ,  145
 369760.734219 ,  137
 369760.734427 ,  140
 369760.735010 ,  141
 369760.735535 ,  141
 369760.736953 ,  135
 369760.737672 ,  135
 369760.737827 ,  113
 369760.738044 ,  138
 369760.738667 ,  138
 369760.738874 ,  137
 369760.739596 ,  147
 369760.739905 ,  143
 369760.740352 ,  142
 369760.740592 ,  140
 369760.741255 ,  169
 369760.741534 ,  152
 369760.743610 ,  142
 369760.745349 ,  169
 369760.745832 ,  162
 369760.745972 ,  86
 369760.746081 ,  163
 369760.747610 ,  149
 369760.747925 ,  159
 369760.748732 ,  153
 369760.749502 ,  146
 369760.750095 ,  146
 369760.750339 ,  144
 369760.750751 ,  151
 369760.751516 ,  145
 369760.751708 ,  145
 369760.752097 ,  152
 369760.752474 ,  152
 369760.753060 ,  152
 369760.753250 ,  142
 369760.754839 ,  149
 369760.755092 ,  140
 369760.755246 ,  140
 369760.755870 ,  151
 369760.756608 ,  195
 369760.757541 ,  154
 369760.758291 ,  91
 369760.759337 ,  147
 369760.759810 ,  153
 369760.760140 ,  145
 369760.760437 ,  160
 369760.760676 ,  201
 369760.760829 ,  143
 369760.761470 ,  144
 369760.762442 ,  151
 369760.763513 ,  144
 369760.764305 ,  144
 369760.764535 ,  136
 369760.765039 ,  138
 369760.765318 ,  138
 369760.766236 ,  137
 369760.766750 ,  131
 369760.766967 ,  98
 369760.767551 ,  128
 369760.768361 ,  141
 369760.768629 ,  145
 369760.770120 ,  141
 369760.770684 ,  145
 369760.770919 ,  140
 369760.771376 ,  139
 369760.771413 ,  172
 369760.771897 ,  151
 369760.772124 ,  142
 369760.772400 ,  172
 369760.772702 ,  143
 369760.772987 ,  142
 369760.773810 ,  141
 369760.774412 ,  131
 369760.774961 ,  127
 369760.775035 ,  140
 369760.775829 ,  135
 369760.775986 ,  130
 369760.776172 ,  140
 369760.776490 ,  146
 369760.776733 ,  143
 369760.777855 ,  152
 369760.778644 ,  149
 369760.779500 ,  144
 369760.781656 ,  131
 369760.782456 ,  134
 369760.783630 ,  129
 369760.784304 ,  132
 369760.784531 ,  130
 369760.785037 ,  132
 369760.785570 ,  125
 369760.786899 ,  125
 369760.787217 ,  126
 369760.787741 ,  139
 369760.788961 ,  132
 369760.789408 ,  138
 369760.789694 ,  140
 369760.790476 ,  138
 369760.790703 ,  131
 369760.790952 ,  133
 369760.790978 ,  89
 369760.791614 ,  128
 369760.792535 ,  131
 369760.792800 ,  126
 369760.793152 ,  126
 369760.793676 ,  123
 369760.793862 ,  123
 369760.794634 ,  122
 369760.794890 ,  121
 369760.795804 ,  128
 369760.796385 ,  123
 369760.796942 ,  141
 369760.797030 ,  181
 369760.797240 ,  137
 369760.798020 ,  137
 369760.798233 ,  129
 369760.798937 ,  193
 369760.799042 ,  138
 369760.799245 ,  135
 369760.799921 ,  154
 369760.800202 ,  145
 369760.801072 ,  144
 369760.802635 ,  134
 369760.803759 ,  158
 369760.804036 ,  148
 369760.804642 ,  145
 369760.805626 ,  141
 369760.806068 ,  138
 369760.806542 ,  141
 369760.806797 ,  143
 369760.807515 ,  149
 369760.807708 ,  140
 369760.808600 ,  147
 369760.808843 ,  143
 369760.809396 ,  144
 369760.809567 ,  135
 369760.809757 ,  143
 369760.810392 ,  147
 369760.810639 ,  144
 369760.812550 ,  532
 369760.812604 ,  137
 369760.812757 ,  138
 369760.813342 ,  130
 369760.813801 ,  137
 369760.813884 ,  163
 369760.814278 ,  139
 369760.814372 ,  159
 369760.815319 ,  133
 369760.815625 ,  134
 369760.816518 ,  157
 369760.816768 ,  148
 369760.817354 ,  143
 369760.817581 ,  146
 369760.818768 ,  140
 369760.818964 ,  144
 369760.819166 ,  149
 369760.820236 ,  155
 369760.820433 ,  146
 369760.820676 ,  151
 369760.820787 ,  129
 369760.821543 ,  100
 369760.822367 ,  142
 369760.823047 ,  130
 369760.823504 ,  130
 369760.823998 ,  133
 369760.824168 ,  126
 369760.824317 ,  134
 369760.824861 ,  146
 369760.825171 ,  145
 369760.825993 ,  144
 369760.826484 ,  136
 369760.826746 ,  135
 369760.827029 ,  135
 369760.827180 ,  134
 369760.827694 ,  145
 369760.829051 ,  135
 369760.829548 ,  137
 369760.829724 ,  129
 369760.830708 ,  141
 369760.831387 ,  150
 369760.831592 ,  142
 369760.831855 ,  197
 369760.831879 ,  146
 369760.832110 ,  145
 369760.832392 ,  147
 369760.832991 ,  146
 369760.834054 ,  134
 369760.834663 ,  105
 369760.835171 ,  156
 369760.836013 ,  143
 369760.836261 ,  146
 369760.837001 ,  154
 369760.837357 ,  145
 369760.838186 ,  138
 369760.838373 ,  140
 369760.838931 ,  143
 369760.839313 ,  106
 369760.839387 ,  137
 369760.839670 ,  138
 369760.840415 ,  139
 369760.840906 ,  139
 369760.841689 ,  133
 369760.844384 ,  128
 369760.846317 ,  129
 369760.846555 ,  138
 369760.846826 ,  138
 369760.847371 ,  137
 369760.848224 ,  131
 369760.848715 ,  144
 369760.850962 ,  128
 369760.851653 ,  129
 369760.851842 ,  123
 369760.852583 ,  131
 369760.853398 ,  139
 369760.853623 ,  133
 369760.853970 ,  122
 369760.854573 ,  136
 369760.855336 ,  135
 369760.855648 ,  137
 369760.856259 ,  180
 369760.856844 ,  134
 369760.857191 ,  129
 369760.857618 ,  130
 369760.857895 ,  132
 369760.857917 ,  87
 369760.858114 ,  132
 369760.858594 ,  135
 369760.859131 ,  136
 369760.860606 ,  183
 369760.860801 ,  149
 369760.861081 ,  153
 369760.861269 ,  152
 369760.862948 ,  151
 369760.863276 ,  146
 369760.864273 ,  145
 369760.864679 ,  141
 369760.864931 ,  146
 369760.865965 ,  146
 369760.866182 ,  138
 369760.866462 ,  141
 369760.867017 ,  138
 369760.867801 ,  138
 369760.867986 ,  130
 369760.868298 ,  136
 369760.868743 ,  137
 369760.869521 ,  139
 369760.870344 ,  133
 369760.870652 ,  131
 369760.870877 ,  128
 369760.872276 ,  131
 369760.872806 ,  132
 369760.873295 ,  105
 369760.873815 ,  137
 369760.874020 ,  138
 369760.874719 ,  147
 369760.875064 ,  130
 369760.875332 ,  135
 369760.877099 ,  131
 369760.877591 ,  130
 369760.879293 ,  131
 369760.879795 ,  132
 369760.881185 ,  133
 369760.881490 ,  133
 369760.881740 ,  131
 369760.882239 ,  131
 369760.883739 ,  128
 369760.883948 ,  121
 369760.884283 ,  124
 369760.884560 ,  121
 369760.884834 ,  121
 369760.885841 ,  121
 369760.886019 ,  129
 369760.886270 ,  136
 369760.886494 ,  136
 369760.888162 ,  135
 369760.888474 ,  137
 369760.888784 ,  135
 369760.889562 ,  127
 369760.890287 ,  127
 369760.890557 ,  130
 369760.891437 ,  122
 369760.891966 ,  140
 369760.891969 ,  103
 369760.892800 ,  174
 369760.892913 ,  143
 369760.893298 ,  107
 369760.894685 ,  143
 369760.894752 ,  153
 369760.894859 ,  141
 369760.895072 ,  149
 369760.895965 ,  149
 369760.896651 ,  141
 369760.897290 ,  138
 369760.898008 ,  140
 369760.898326 ,  132
 369760.898599 ,  130
 369760.899154 ,  133
 369760.899377 ,  130
 369760.899515 ,  162
 369760.900521 ,  132
 369760.900791 ,  131
 369760.901056 ,  101
 369760.901621 ,  182
 369760.903526 ,  120
 369760.903698 ,  123
 369760.904090 ,  130
 369760.904546 ,  125
 369760.904741 ,  140
 369760.905439 ,  124
 369760.905691 ,  128
 369760.905892 ,  128
 369760.906452 ,  137
 369760.907163 ,  145
 369760.907938 ,  148
 369760.909488 ,  151
 369760.910364 ,  185
 369760.910369 ,  142
 369760.910852 ,  136
 369760.911093 ,  136
 369760.911381 ,  137
 369760.911607 ,  136
 369760.913236 ,  142
 369760.913422 ,  142
 369760.914154 ,  140
 369760.916062 ,  127
 369760.916496 ,  136
 369760.916662 ,  139
 369760.916727 ,  188
 369760.917463 ,  148
 369760.917680 ,  139
 369760.917906 ,  142
 369760.918675 ,  143
 369760.920122 ,  131
 369760.920380 ,  129
 369760.922908 ,  116
 369760.923095 ,  119
 369760.923544 ,  128
 369760.923838 ,  129
 369760.926243 ,  129
 369760.926503 ,  123
 369760.926734 ,  123
 369760.927030 ,  125
 369760.927743 ,  132
 369760.929702 ,  97
 369760.929822 ,  127
 369760.930243 ,  135
 369760.930826 ,  135
 369760.930991 ,  132
 369760.931506 ,  145
 369760.931720 ,  133
 369760.931887 ,  136
 369760.932091 ,  88
 369760.932176 ,  145
 369760.932756 ,  142
 369760.933507 ,  133
 369760.933829 ,  134
 369760.934105 ,  132
 369760.934361 ,  132
 369760.935185 ,  134
 369760.935380 ,  139
 369760.935501 ,  190
 369760.937185 ,  142
 369760.937477 ,  143
 369760.937980 ,  141
 369760.938057 ,  186
 369760.938446 ,  144
 369760.938814 ,  138
 369760.940750 ,  145
 369760.942028 ,  141
 369760.942485 ,  136
 369760.942774 ,  138
 369760.942998 ,  137
 369760.944377 ,  140
 369760.944584 ,  142
 369760.945285 ,  150
 369760.946149 ,  140
 369760.946367 ,  139
 369760.947080 ,  147
 369760.948171 ,  141
 369760.948403 ,  138
 369760.949144 ,  141
 369760.949454 ,  133
 369760.950284 ,  140
 369760.950882 ,  186
 369760.952778 ,  151
 369760.953053 ,  182
 369760.953338 ,  151
 369760.954931 ,  141
 369760.955263 ,  137
 369760.955873 ,  132
 369760.956070 ,  103
 369760.957047 ,  129
 369760.957338 ,  133
 369760.958048 ,  136
 369760.958192 ,  124
 369760.958234 ,  129
 369760.958425 ,  135
 369760.959004 ,  139
 369760.959210 ,  137
 369760.959246 ,  110
 369760.959730 ,  141
 369760.959765 ,  144
 369760.959929 ,  133
 369760.961170 ,  146
 369760.961907 ,  139
 369760.962577 ,  136
 369760.962922 ,  131
 369760.963044 ,  86
 369760.963395 ,  133
 369760.963598 ,  126
 369760.964028 ,  133
 369760.965972 ,  138
 369760.966251 ,  138
 369760.966620 ,  152
 369760.967396 ,  127
 369760.967661 ,  127
 369760.967974 ,  127
 369760.968639 ,  133
 369760.968940 ,  126
 369760.969187 ,  125
 369760.969349 ,  126
 369760.969576 ,  135
 369760.969807 ,  137
 369760.970360 ,  139
 369760.970556 ,  131
 369760.970752 ,  134
 369760.971769 ,  140
 369760.971792 ,  175
 369760.972349 ,  136
 369760.972536 ,  143
 369760.972852 ,  149
 369760.973616 ,  147
 369760.974065 ,  147
 369760.975018 ,  147
 369760.976099 ,  153
 369760.976715 ,  146
 369760.976957 ,  145
 369760.978155 ,  150
 369760.979201 ,  139
 369760.979294 ,  138
 369760.980160 ,  129
 369760.980518 ,  158
 369760.981057 ,  130
 369760.981227 ,  111
 369760.981262 ,  127
 369760.981488 ,  131
 369760.981609 ,  149
 369760.982689 ,  133
 369760.983720 ,  131
 369760.983862 ,  129
 369760.984359 ,  142
 369760.984910 ,  141
 369760.986115 ,  130
 369760.986305 ,  123
 369760.986542 ,  128
 369760.986903 ,  128
 369760.987220 ,  124
 369760.988485 ,  121
 369760.989034 ,  119
 369760.989808 ,  131
 369760.990721 ,  171
 369760.992800 ,  124
 369760.993227 ,  124
 369760.994300 ,  125
 369760.994328 ,  139
 369760.995007 ,  127
 369760.995321 ,  144
 369760.995593 ,  118
 369760.995978 ,  122
 369760.996716 ,  132
 369760.997460 ,  130
 369760.997785 ,  180
 369760.999101 ,  127
 369760.999412 ,  130
 369760.999678 ,  128
 369761.000395 ,  160
 369761.000893 ,  144
 369761.001146 ,  148
 369761.002345 ,  144
 369761.002834 ,  151
 369761.003130 ,  110
 369761.003898 ,  104
 369761.003922 ,  144
 369761.004195 ,  141
 369761.004663 ,  212
 369761.004735 ,  140
 369761.004899 ,  140
 369761.005630 ,  142
 369761.006072 ,  144
 369761.006324 ,  149
 369761.007147 ,  147
 369761.007747 ,  104
 369761.007983 ,  138
 369761.008221 ,  136
 369761.008284 ,  103
 369761.008489 ,  137
 369761.008873 ,  137
 369761.010197 ,  133
 369761.010781 ,  127
 369761.011114 ,  135
 369761.011371 ,  132
 369761.012427 ,  134
 369761.012654 ,  126
 369761.012850 ,  128
 369761.013794 ,  127
 369761.014183 ,  127
 369761.014493 ,  136
 369761.016073 ,  132
 369761.016316 ,  138
 369761.016614 ,  139
 369761.017566 ,  129
 369761.018111 ,  195
 369761.018309 ,  143
 369761.019157 ,  135
 369761.020904 ,  126
 369761.021416 ,  139
 369761.021696 ,  136
 369761.023196 ,  135
 369761.023835 ,  134
 369761.024344 ,  145
 369761.024647 ,  137
 369761.025206 ,  134
 369761.025352 ,  104
 369761.025485 ,  134
 369761.025811 ,  133
 369761.026482 ,  125
 369761.026765 ,  125
 369761.027192 ,  126
 369761.027713 ,  130
 369761.027885 ,  123
 369761.028062 ,  130
 369761.028887 ,  134
 369761.031426 ,  127
 369761.031623 ,  146
 369761.031645 ,  173
 369761.032400 ,  151
 369761.032852 ,  151
 369761.033816 ,  140
 369761.034114 ,  181
 369761.034141 ,  107
 369761.034337 ,  143
 369761.034568 ,  182
 369761.034761 ,  138
 369761.035227 ,  134
 369761.035517 ,  135
 369761.036218 ,  140
 369761.036428 ,  132
 369761.036837 ,  155
 369761.036998 ,  108
 369761.037108 ,  154
 369761.038066 ,  153
 369761.038461 ,  153
 369761.039552 ,  153
 369761.039804 ,  144
 369761.040213 ,  144
 369761.040491 ,  138
 369761.041357 ,  132
 369761.041849 ,  126
 369761.042013 ,  168
 369761.042359 ,  129
 369761.042581 ,  129
 369761.043594 ,  122
 369761.043867 ,  122
 369761.044063 ,  122
 369761.044297 ,  127
 369761.045510 ,  123
 369761.045785 ,  126
 369761.046382 ,  135
 369761.046592 ,  129
 369761.047265 ,  138
 369761.047566 ,  140
 369761.048344 ,  131
 369761.048667 ,  129
 369761.048943 ,  127
 369761.049815 ,  125
 369761.050004 ,  117
 369761.050222 ,  122
 369761.050828 ,  148
 369761.052168 ,  124
 369761.052287 ,  109
 369761.052403 ,  124
 369761.052609 ,  125
 369761.053009 ,  111
 369761.053972 ,  146
 369761.054115 ,  143
 369761.054634 ,  157
 369761.055483 ,  145
 369761.056552 ,  139
 369761.056984 ,  139
 369761.056995 ,  140
 369761.057243 ,  195
 369761.057246 ,  140
 369761.057486 ,  140
 369761.058187 ,  146
 369761.059113 ,  134
 369761.060220 ,  129
 369761.060957 ,  145
 369761.062028 ,  134
 369761.062542 ,  134
 369761.062745 ,  94
 369761.063791 ,  125
 369761.063849 ,  173
 369761.064067 ,  125
 369761.064951 ,  119
 369761.065121 ,  125
 369761.065403 ,  133
 369761.065663 ,  132
 369761.066776 ,  134
 369761.067254 ,  142
 369761.067507 ,  143
 369761.068508 ,  136
 369761.068783 ,  137
 369761.069314 ,  134
 369761.069845 ,  139
 369761.070072 ,  131
 369761.071591 ,  123
 369761.071894 ,  129
 369761.072684 ,  126
 369761.072777 ,  80
 369761.073139 ,  145
 369761.073183 ,  129
 369761.073355 ,  122
 369761.073656 ,  129
 369761.073883 ,  127
 369761.074869 ,  131
 369761.075591 ,  130
 369761.075874 ,  129
 369761.076504 ,  143
 369761.077725 ,  130
 369761.079183 ,  127
 369761.080045 ,  124
 369761.080389 ,  125
 369761.080469 ,  102
 369761.080690 ,  122
 369761.081440 ,  123
 369761.081653 ,  116
 369761.082490 ,  121
 369761.083263 ,  113
 369761.083810 ,  107
 369761.084826 ,  119
 369761.086489 ,  113
 369761.086649 ,  125
 369761.086901 ,  131
 369761.087206 ,  131
 369761.087460 ,  129
 369761.088452 ,  124
 369761.089064 ,  135
 369761.089261 ,  120
 369761.089918 ,  123
 369761.090041 ,  161
 369761.090335 ,  125
 369761.090605 ,  126
 369761.091670 ,  120
 369761.092167 ,  116
 369761.093314 ,  112
 369761.093663 ,  129
 369761.093899 ,  135
 369761.094156 ,  136
 369761.094307 ,  136
 369761.094844 ,  145
 369761.095386 ,  137
 369761.095938 ,  135
 369761.096661 ,  128
 369761.098039 ,  132
 369761.098508 ,  135
 369761.098717 ,  134
 369761.098970 ,  137
 369761.099145 ,  137
 369761.099684 ,  145
 369761.100174 ,  139
 369761.100388 ,  139
 369761.100657 ,  142
 369761.101003 ,  196
 369761.101413 ,  143
 369761.101685 ,  135
 369761.102273 ,  133
 369761.103066 ,  130
 369761.103439 ,  130
 369761.103644 ,  135
 369761.103813 ,  191
 369761.104009 ,  139
 369761.105025 ,  126
 369761.105794 ,  136
 369761.106766 ,  129
 369761.106959 ,  127
 369761.107518 ,  132
 369761.107695 ,  145
 369761.107808 ,  130
 369761.109914 ,  128
 369761.110392 ,  128
 369761.111050 ,  126
 369761.111516 ,  101
 369761.112660 ,  95
 369761.113357 ,  129
 369761.113524 ,  131
 369761.114828 ,  136
 369761.115893 ,  129
 369761.116154 ,  204
 369761.116459 ,  151
 369761.116690 ,  144
 369761.116916 ,  146
 369761.118041 ,  144
 369761.118848 ,  135
 369761.119093 ,  135
 369761.119914 ,  136
 369761.120366 ,  128
 369761.120840 ,  135
 369761.121052 ,  136
 369761.121301 ,  126
 369761.122247 ,  131
 369761.123031 ,  135
 369761.123810 ,  137
 369761.124590 ,  134
 369761.125370 ,  134
 369761.125595 ,  136
 369761.125805 ,  138
 369761.127463 ,  134
 369761.127761 ,  129
 369761.127955 ,  158
 369761.128482 ,  126
 369761.128657 ,  121
 369761.130261 ,  135
 369761.130788 ,  226
 369761.131109 ,  141
 369761.132750 ,  128
 369761.133455 ,  127
 369761.133628 ,  122
 369761.134397 ,  128
 369761.137056 ,  121
 369761.137281 ,  129
 369761.138091 ,  133
 369761.138995 ,  125
 369761.139257 ,  126
 369761.140030 ,  131
 369761.140246 ,  123
 369761.141095 ,  125
 369761.141585 ,  125
 369761.141767 ,  119
 369761.144002 ,  128
 369761.144938 ,  125
 369761.145578 ,  123
 369761.146821 ,  113
 369761.147188 ,  171
 369761.147374 ,  101
 369761.148663 ,  116
 369761.148903 ,  119
 369761.149154 ,  120
 369761.149540 ,  94
 369761.150419 ,  183
 369761.150712 ,  124
 369761.151376 ,  132
 369761.151802 ,  125
 369761.152021 ,  120
 369761.152655 ,  129
 369761.152657 ,  96
 369761.152828 ,  122
 369761.153950 ,  189
 369761.154729 ,  119
 369761.154753 ,  139
 369761.155003 ,  131
 369761.155568 ,  131
 369761.155850 ,  129
 369761.156560 ,  185
 369761.156565 ,  133
 369761.156791 ,  126
 369761.157141 ,  103
 369761.158758 ,  126
 369761.159191 ,  103
 369761.160101 ,  131
 369761.160410 ,  138
 369761.160701 ,  136
 369761.161727 ,  147
 369761.162030 ,  152
 369761.162357 ,  150
 369761.162614 ,  107
 369761.163112 ,  143
 369761.163350 ,  137
 369761.163698 ,  138
 369761.164772 ,  128
 369761.165003 ,  123
 369761.165519 ,  127
 369761.166503 ,  126
 369761.167682 ,  140
 369761.168184 ,  142
 369761.168402 ,  134
 369761.168628 ,  137
 369761.168903 ,  139
 369761.169956 ,  131
 369761.170261 ,  131
 369761.171703 ,  120
 369761.171928 ,  129
 369761.172276 ,  131
 369761.178505 ,  621
 369761.178621 ,  177
 369761.180271 ,  215
 369761.180971 ,  449
 369761.181197 ,  167
 369761.183019 ,  143
 369761.183921 ,  307
 369761.184467 ,  285
 369761.185265 ,  267
 369761.186938 ,  101
 369761.187653 ,  152
 369761.189161 ,  159
 369761.189794 ,  157
 369761.190401 ,  145
 369761.191364 ,  142
 369761.192470 ,  134
 369761.193089 ,  134
 369761.194325 ,  121
 369761.195506 ,  122
 369761.195750 ,  118
 369761.196376 ,  118
 369761.196548 ,  116
 369761.197227 ,  189
 369761.197967 ,  132
 369761.198139 ,  125
 369761.198368 ,  237
 369761.198408 ,  132
 369761.199150 ,  131
 369761.199699 ,  136
 369761.199876 ,  128
 369761.200387 ,  137
 369761.200726 ,  136
 369761.201462 ,  133
 369761.201699 ,  126
 369761.202025 ,  127
 369761.202248 ,  125
 369761.203017 ,  126
 369761.204291 ,  123
 369761.204787 ,  125
 369761.205068 ,  118
 369761.205684 ,  170
 369761.205782 ,  122
 369761.206172 ,  134
 369761.207142 ,  129
 369761.207969 ,  134
 369761.208358 ,  132
 369761.210097 ,  127
 369761.211816 ,  122
 369761.211994 ,  131
 369761.212387 ,  138
 369761.213403 ,  138
 369761.213593 ,  131
 369761.213751 ,  137
 369761.213955 ,  147
 369761.215056 ,  147
 369761.215337 ,  139
 369761.215583 ,  138
 369761.217187 ,  128
 369761.217743 ,  129
 369761.217873 ,  128
 369761.218652 ,  136
 369761.218938 ,  132
 369761.219250 ,  131
 369761.219833 ,  128
 369761.220240 ,  127
 369761.220472 ,  80
 369761.220475 ,  122
 369761.220991 ,  124
 369761.221908 ,  134
 369761.222114 ,  127
 369761.222824 ,  92
 369761.222938 ,  129
 369761.224358 ,  129
 369761.225090 ,  131
 369761.225543 ,  93
 369761.225807 ,  120
 369761.226041 ,  117
 369761.226220 ,  118
 369761.226386 ,  102
 369761.226436 ,  117
 369761.226906 ,  117
 369761.227033 ,  128
 369761.227198 ,  119
 369761.227731 ,  121
 369761.228272 ,  119
 369761.228881 ,  116
 369761.229437 ,  101
 369761.230071 ,  127
 369761.230279 ,  124
 369761.230485 ,  128
 369761.231568 ,  129
 369761.231836 ,  122
 369761.232160 ,  122
 369761.232410 ,  120
 369761.232641 ,  120
 369761.233549 ,  120
 369761.234305 ,  123
 369761.235033 ,  118
 369761.235543 ,  179
 369761.236340 ,  127
 369761.236893 ,  127
 369761.237130 ,  139
 369761.237426 ,  140
 369761.238482 ,  133
 369761.238651 ,  129
 369761.238887 ,  136
 369761.239109 ,  137
 369761.240248 ,  130
 369761.241056 ,  125
 369761.241474 ,  126
 369761.241703 ,  121
 369761.242204 ,  122
 369761.242709 ,  125
 369761.243128 ,  124
 369761.244170 ,  123
 369761.245536 ,  116
 369761.245651 ,  88
 369761.246031 ,  134
 369761.246592 ,  130
 369761.246878 ,  125
 369761.247092 ,  124
 369761.247840 ,  120
 369761.248077 ,  174
 369761.249129 ,  122
 369761.249439 ,  128
 369761.250059 ,  133
 369761.250604 ,  131
 369761.250735 ,  172
 369761.251020 ,  90
 369761.252405 ,  121
 369761.252844 ,  123
 369761.253113 ,  122
 369761.253369 ,  122
 369761.254407 ,  122
 369761.254700 ,  129
 369761.254954 ,  127
 369761.255995 ,  130
 369761.256323 ,  137
 369761.257455 ,  135
 369761.258281 ,  137
 369761.258780 ,  137
 369761.260207 ,  143
 369761.261565 ,  133
 369761.262713 ,  145
 369761.263058 ,  143
 369761.264251 ,  137
 369761.264466 ,  139
 369761.264806 ,  164
 369761.265572 ,  136
 369761.265898 ,  147
 369761.266325 ,  152
 369761.266859 ,  143
 369761.266922 ,  140
 369761.267773 ,  139
 369761.269398 ,  127
 369761.270698 ,  120
 369761.270933 ,  117
 369761.271188 ,  118
 369761.271399 ,  118
 369761.271449 ,  136
 369761.271907 ,  121
 369761.274874 ,  135
 369761.275297 ,  135
 369761.276387 ,  175
 369761.277121 ,  120
 369761.277756 ,  124
 369761.279514 ,  139
 369761.279939 ,  138
 369761.282026 ,  129
 369761.282030 ,  174
 369761.282777 ,  128
 369761.282959 ,  121
 369761.283212 ,  127
 369761.283365 ,  171
 369761.283895 ,  127
 369761.284373 ,  136
 369761.284585 ,  129
 369761.284920 ,  132
 369761.285979 ,  129
 369761.286492 ,  123
 369761.287715 ,  125
 369761.288146 ,  127
 369761.289051 ,  127
 369761.289219 ,  123
 369761.290006 ,  128
 369761.290761 ,  126
 369761.291157 ,  127
 369761.291420 ,  122
 369761.292748 ,  116
 369761.293025 ,  116
 369761.293833 ,  111
 369761.295447 ,  127
 369761.296051 ,  127
 369761.297019 ,  128
 369761.297535 ,  126
 369761.297835 ,  164
 369761.297837 ,  123
 369761.298795 ,  119
 369761.298964 ,  115
 369761.299163 ,  122
 369761.299714 ,  125
 369761.300213 ,  125
 369761.300404 ,  118
 369761.301162 ,  123
 369761.301871 ,  121
 369761.302077 ,  117
 369761.302426 ,  86
 369761.303737 ,  117
 369761.303996 ,  119
 369761.304505 ,  120
 369761.304579 ,  133
 369761.305279 ,  115
 369761.305450 ,  113
 369761.305699 ,  120
 369761.306115 ,  120
 369761.306817 ,  123
 369761.307368 ,  197
 369761.307885 ,  141
 369761.308624 ,  144
 369761.308972 ,  145
 369761.309969 ,  150
 369761.310194 ,  142
 369761.310523 ,  144
 369761.310841 ,  140
 369761.312124 ,  134
 369761.312665 ,  135
 369761.312832 ,  84
 369761.313172 ,  141
 369761.313352 ,  133
 369761.314273 ,  132
 369761.315903 ,  123
 369761.316648 ,  123
 369761.316856 ,  119
 369761.317456 ,  120
 369761.317819 ,  120
 369761.318196 ,  100
 369761.318247 ,  117
 369761.318605 ,  112
 369761.318855 ,  109
 369761.319089 ,  109
 369761.320007 ,  114
 369761.320210 ,  125
 369761.320439 ,  129
 369761.320716 ,  131
 369761.321248 ,  131
 369761.321583 ,  124
 369761.322264 ,  78
 369761.322321 ,  121
 369761.323005 ,  122
 369761.323183 ,  118
 369761.323815 ,  120
 369761.324601 ,  120
 369761.324812 ,  113
 369761.325760 ,  122
 369761.326208 ,  122
 369761.326406 ,  127
 369761.326686 ,  117
 369761.327396 ,  121
 369761.328060 ,  116
 369761.328366 ,  122
 369761.328776 ,  120
 369761.331058 ,  136
 369761.331241 ,  128
 369761.331412 ,  134
 369761.332851 ,  129
 369761.333342 ,  134
 369761.333782 ,  133
 369761.334769 ,  133
 369761.334866 ,  100
 369761.335039 ,  132
 369761.336227 ,  137
 369761.336550 ,  134
 369761.336682 ,  131
 369761.337197 ,  146
 369761.337533 ,  169
 369761.337712 ,  139
 369761.337991 ,  139
 369761.338248 ,  79
 369761.338260 ,  138
 369761.339010 ,  128
 369761.339426 ,  137
 369761.340238 ,  141
 369761.341160 ,  130
 369761.341755 ,  163
 369761.342456 ,  150
 369761.343335 ,  139
 369761.344139 ,  108
 369761.344851 ,  138
 369761.345042 ,  130
 369761.345211 ,  135
 369761.346606 ,  134
 369761.347382 ,  104
 369761.347397 ,  125
 369761.347607 ,  128
 369761.348015 ,  131
 369761.348279 ,  126
 369761.348422 ,  87
 369761.348627 ,  126
 369761.349527 ,  125
 369761.349753 ,  120
 369761.350032 ,  122
 369761.350296 ,  122
 369761.350997 ,  124
 369761.351271 ,  118
 369761.351956 ,  124
 369761.353194 ,  126
 369761.355269 ,  117
 369761.356086 ,  116
 369761.357195 ,  123
 369761.357403 ,  129
 369761.357635 ,  133
 369761.358632 ,  135
 369761.358889 ,  100
 369761.359658 ,  122
 369761.360175 ,  140
 369761.360769 ,  130
 369761.361028 ,  130
 369761.362599 ,  131
 369761.362958 ,  96
 369761.363582 ,  127
 369761.363893 ,  121
 369761.364350 ,  153
 369761.364586 ,  100
 369761.364608 ,  126
 369761.364961 ,  126
 369761.365265 ,  123
 369761.365831 ,  121
 369761.366875 ,  126
 369761.366953 ,  80
 369761.367164 ,  128
 369761.367237 ,  107
 369761.367425 ,  127
 369761.367783 ,  105
 369761.369314 ,  117
 369761.370581 ,  131
 369761.370801 ,  130
 369761.371015 ,  124
 369761.371747 ,  128
 369761.372065 ,  133
 369761.372161 ,  171
 369761.372852 ,  131
 369761.373057 ,  124
 369761.373135 ,  92
 369761.373255 ,  128
 369761.373916 ,  94
 369761.374144 ,  131
 369761.374569 ,  132
 369761.375021 ,  130
 369761.375235 ,  130
 369761.375960 ,  136
 369761.376675 ,  139
 369761.376987 ,  137
 369761.377164 ,  135
 369761.379111 ,  127
 369761.379191 ,  105
 369761.379317 ,  120
 369761.380097 ,  125
 369761.380266 ,  126
 369761.381810 ,  141
 369761.382063 ,  136
 369761.382800 ,  127
 369761.385621 ,  129
 369761.386481 ,  122
 369761.386820 ,  120
 369761.387454 ,  113
 369761.387662 ,  113
 369761.387952 ,  116
 369761.389075 ,  116
 369761.389315 ,  120
 369761.389585 ,  121
 369761.389830 ,  98
 369761.390609 ,  161
 369761.391020 ,  156
 369761.391798 ,  101
 369761.392264 ,  139
 369761.392712 ,  134
 369761.392972 ,  128
 369761.393551 ,  96
 369761.394257 ,  121
 369761.394773 ,  118
 369761.395095 ,  118
 369761.395307 ,  129
 369761.395609 ,  132
 369761.396401 ,  130
 369761.396613 ,  123
 369761.396895 ,  126
 369761.397203 ,  125
 369761.397343 ,  123
 369761.397587 ,  174
 369761.398024 ,  128
 369761.398315 ,  131
 369761.398586 ,  130
 369761.398986 ,  152
 369761.399228 ,  126
 369761.399836 ,  120
 369761.400483 ,  119
 369761.400628 ,  118
 369761.401123 ,  129
 369761.401293 ,  122
 369761.401480 ,  130
 369761.402295 ,  132
 369761.402830 ,  133
 369761.404367 ,  117
 369761.404519 ,  123
 369761.404871 ,  133
 369761.405133 ,  129
 369761.405317 ,  129
 369761.406233 ,  162
 369761.406698 ,  124
 369761.407025 ,  123
 369761.407030 ,  136
 369761.407589 ,  102
 369761.408442 ,  117
 369761.409516 ,  126
 369761.409885 ,  125
 369761.410738 ,  148
 369761.413210 ,  127
 369761.413828 ,  122
 369761.414048 ,  125
 369761.414287 ,  128
 369761.415207 ,  123
 369761.415746 ,  129
 369761.416940 ,  126
 369761.417432 ,  128
 369761.417922 ,  133
 369761.419356 ,  133
 369761.419534 ,  126
 369761.419792 ,  133
 369761.420949 ,  138
 369761.421256 ,  132
 369761.421605 ,  130
 369761.421834 ,  127
 369761.421855 ,  96
 369761.423225 ,  123
 369761.423417 ,  73
 369761.424024 ,  130
 369761.424597 ,  125
 369761.424848 ,  123
 369761.425003 ,  123
 369761.425640 ,  126
 369761.426253 ,  138
 369761.427031 ,  136
 369761.427232 ,  128
 369761.428228 ,  127
 369761.428804 ,  131
 369761.429080 ,  138
 369761.429460 ,  138
 369761.430111 ,  133
 369761.430731 ,  127
 369761.431285 ,  123
 369761.431830 ,  119
 369761.432365 ,  139
 369761.433260 ,  173
 369761.433545 ,  131
 369761.433905 ,  137
 369761.434959 ,  123
 369761.436472 ,  120
 369761.437533 ,  122
 369761.438277 ,  117
 369761.438486 ,  118
 369761.438760 ,  120
 369761.439404 ,  120
 369761.439613 ,  116
 369761.440217 ,  116
 369761.440877 ,  118
 369761.441152 ,  113
 369761.441845 ,  118
 369761.442336 ,  118
 369761.442525 ,  112
 369761.442701 ,  117
 369761.443950 ,  121
 369761.444133 ,  117
 369761.444953 ,  110
 369761.445566 ,  126
 369761.446059 ,  139
 369761.446385 ,  137
 369761.446917 ,  132
 369761.447355 ,  126
 369761.448553 ,  167
 369761.448576 ,  128
 369761.448780 ,  124
 369761.448845 ,  98
 369761.449004 ,  128
 369761.451120 ,  94
 369761.451538 ,  130
 369761.451888 ,  123
 369761.452523 ,  131
 369761.453479 ,  125
 369761.454081 ,  124
 369761.454205 ,  122
 369761.454699 ,  138
 369761.454946 ,  129
 369761.455583 ,  130
 369761.456271 ,  126
 369761.456440 ,  121
 369761.457463 ,  186
 369761.458122 ,  154
 369761.459590 ,  143
 369761.459800 ,  147
 369761.460121 ,  151
 369761.461542 ,  137
 369761.462601 ,  142
 369761.462801 ,  131
 369761.463055 ,  135
 369761.463509 ,  135
 369761.464608 ,  134
 369761.464915 ,  131
 369761.465181 ,  129
 369761.465601 ,  129
 369761.465888 ,  124
 369761.466194 ,  123
 369761.466779 ,  140
 369761.467331 ,  149
 369761.468160 ,  131
 369761.468660 ,  130
 369761.468838 ,  123
 369761.469334 ,  130
 369761.469530 ,  132
 369761.470053 ,  137
 369761.470314 ,  129
 369761.470710 ,  129
 369761.471589 ,  129
 369761.471808 ,  123
 369761.472097 ,  126
 369761.472632 ,  122
 369761.473676 ,  122
 369761.473887 ,  125
 369761.474243 ,  101
 369761.475420 ,  95
 369761.475462 ,  137
 369761.476207 ,  160
 369761.476329 ,  135
 369761.477292 ,  105
 369761.477822 ,  138
 369761.478450 ,  127
 369761.478695 ,  125
 369761.479464 ,  130
 369761.479471 ,  146
 369761.479707 ,  122
 369761.480199 ,  124
 369761.480680 ,  167
 369761.481129 ,  119
 369761.481501 ,  136
 369761.481782 ,  138
 369761.483724 ,  164
 369761.484321 ,  129
 369761.484544 ,  130
 369761.484826 ,  132
 369761.486168 ,  140
 369761.487385 ,  131
 369761.488001 ,  134
 369761.488176 ,  152
 369761.488306 ,  132
 369761.489021 ,  124
 369761.489295 ,  155
 369761.489756 ,  123
 369761.490247 ,  132
 369761.490636 ,  130
 369761.491116 ,  130
 369761.492502 ,  136
 369761.492935 ,  140
 369761.493361 ,  140
 369761.493649 ,  134
 369761.494729 ,  128
 369761.495279 ,  122
 369761.495540 ,  122
 369761.495743 ,  122
 369761.496170 ,  126
 369761.496696 ,  124
 369761.497667 ,  114
 369761.497843 ,  124
 369761.499264 ,  136
 369761.499599 ,  131
 369761.499882 ,  128
 369761.500144 ,  102
 369761.500988 ,  128
 369761.501228 ,  131
 369761.501864 ,  128
 369761.501916 ,  129
 369761.502797 ,  125
 369761.503094 ,  128
 369761.504025 ,  121
 369761.504372 ,  125
 369761.504965 ,  119
 369761.505420 ,  120
 369761.505821 ,  116
 369761.506116 ,  122
 369761.507482 ,  118
 369761.507554 ,  165
 369761.507803 ,  120
 369761.508081 ,  118
 369761.508777 ,  112
 369761.508964 ,  114
 369761.509255 ,  119
 369761.510130 ,  130
 369761.510641 ,  131
 369761.513356 ,  82
 369761.514056 ,  122
 369761.514830 ,  124
 369761.516375 ,  232
 369761.516821 ,  221
 369761.517106 ,  75
 369761.517710 ,  126
 369761.518470 ,  181
 369761.519089 ,  173
 369761.520771 ,  143
 369761.521074 ,  146
 369761.521440 ,  144
 369761.522129 ,  133
 369761.523276 ,  132
 369761.523482 ,  124
 369761.523828 ,  128
 369761.524265 ,  77
 369761.524270 ,  124
 369761.524749 ,  134
 369761.524926 ,  127
 369761.525135 ,  134
 369761.525405 ,  138
 369761.525697 ,  138
 369761.525887 ,  130
 369761.526395 ,  137
 369761.526615 ,  131
 369761.527054 ,  141
 369761.527286 ,  141
 369761.528115 ,  134
 369761.528451 ,  134
 369761.528764 ,  131
 369761.529332 ,  92
 369761.529659 ,  88
 369761.530256 ,  132
 369761.530613 ,  142
 369761.530753 ,  126
 369761.530851 ,  133
 369761.531506 ,  130
 369761.531554 ,  81
 369761.531839 ,  138
 369761.532383 ,  123
 369761.532609 ,  128
 369761.532922 ,  130
 369761.533133 ,  97
 369761.533274 ,  198
 369761.534486 ,  123
 369761.534752 ,  94
 369761.534758 ,  153
 369761.535497 ,  152
 369761.535543 ,  153
 369761.535953 ,  100
 369761.537437 ,  143
 369761.537961 ,  143
 369761.538244 ,  135
 369761.538541 ,  134
 369761.539128 ,  130
 369761.540180 ,  125
 369761.541192 ,  101
 369761.541340 ,  121
 369761.541534 ,  123
 369761.543283 ,  127
 369761.544163 ,  124
 369761.544345 ,  128
 369761.544632 ,  134
 369761.544934 ,  133
 369761.546337 ,  185
 369761.546775 ,  138
 369761.548846 ,  129
 369761.549079 ,  136
 369761.550664 ,  131
 369761.552417 ,  123
 369761.552926 ,  149
 369761.553161 ,  141
 369761.553769 ,  140
 369761.554464 ,  138
 369761.555521 ,  127
 369761.557020 ,  138
 369761.557500 ,  136
 369761.558593 ,  126
 369761.558993 ,  128
 369761.559207 ,  123
 369761.559632 ,  137
 369761.560651 ,  133
 369761.560958 ,  128
 369761.561543 ,  122
 369761.561998 ,  125
 369761.562243 ,  119
 369761.562549 ,  120
 369761.563742 ,  114
 369761.564349 ,  88
 369761.564809 ,  152
 369761.565505 ,  141
 369761.565974 ,  137
 369761.565987 ,  102
 369761.566390 ,  139
 369761.567101 ,  126
 369761.567797 ,  130
 369761.568807 ,  128
 369761.569050 ,  129
 369761.569534 ,  130
 369761.570176 ,  121
 369761.570630 ,  94
 369761.571076 ,  124
 369761.571258 ,  118
 369761.571735 ,  133
 369761.573354 ,  128
 369761.573452 ,  99
 369761.573514 ,  125
 369761.574031 ,  134
 369761.574196 ,  129
 369761.575055 ,  133
 369761.575592 ,  133
 369761.575877 ,  125
 369761.577957 ,  121
 369761.578702 ,  129
 369761.578990 ,  127
 369761.579309 ,  126
 369761.581040 ,  129
 369761.581485 ,  131
 369761.581725 ,  125
 369761.582029 ,  126
 369761.582975 ,  118
 369761.583960 ,  125
 369761.584322 ,  125
 369761.584659 ,  121
 369761.585363 ,  120
 369761.586613 ,  122
 369761.586796 ,  120
 369761.587283 ,  126
 369761.588103 ,  181
 369761.588736 ,  133
 369761.588902 ,  126
 369761.589121 ,  134
 369761.589445 ,  137
 369761.590681 ,  129
 369761.590938 ,  126
 369761.591824 ,  126
 369761.591983 ,  122
 369761.592191 ,  131
 369761.592481 ,  135
 369761.593020 ,  182
 369761.594244 ,  130
 369761.595150 ,  87
 369761.595321 ,  97
 369761.595420 ,  130
 369761.595479 ,  99
 369761.595758 ,  141
 369761.595824 ,  118
 369761.596479 ,  148
 369761.596768 ,  112
 369761.597501 ,  116
 369761.598829 ,  109
 369761.599916 ,  111
 369761.600330 ,  126
 369761.601019 ,  109
 369761.601229 ,  106
 369761.601364 ,  122
 369761.601429 ,  125
 369761.601995 ,  112
 369761.602225 ,  120
 369761.602757 ,  114
 369761.603268 ,  114
 369761.604718 ,  113
 369761.605142 ,  111
 369761.605463 ,  105
 369761.605947 ,  96
 369761.606053 ,  98
 369761.606436 ,  117
 369761.606516 ,  89
 369761.606890 ,  82
 369761.607162 ,  76
 369761.609064 ,  73
 369761.610760 ,  94
 369761.611380 ,  11422
 369761.617600 ,  105
