 369806.673781 ,  1
 369806.673786 ,  1
 369806.673789 ,  6
 369806.673810 ,  70
 369806.674275 ,  167
 369806.691252 ,  98
 369806.691341 ,  1
 369806.691349 ,  1
 369806.691353 ,  5
 369806.691357 ,  44
 369806.691445 ,  7
 369806.691491 ,  401
 369806.691556 ,  671
 369806.691897 ,  911
 369806.692754 ,  1
 369806.692761 ,  1
 369806.692764 ,  6
 369806.692769 ,  55
 369806.694013 ,  1
 369806.696437 ,  379
 369806.697464 ,  1
 369806.697477 ,  8
 369806.697522 ,  37
 369806.697566 ,  6
 369806.697675 ,  691
 369806.700046 ,  6
 369806.700050 ,  72
 369806.700153 ,  21
 369806.700164 ,  103
 369806.701544 ,  306
 369806.702670 ,  284
 369806.703239 ,  258
 369806.704323 ,  241
 369806.706240 ,  174
 369806.706687 ,  169
 369806.707138 ,  161
 369806.707147 ,  153
 369806.707609 ,  655
 369806.709283 ,  619
 369806.711382 ,  1
 369806.711392 ,  5
 369806.711395 ,  53
 369806.712234 ,  499
 369806.713486 ,  1
 369806.722327 ,  51
 369806.737561 ,  1
 369806.737579 ,  1
 369806.737594 ,  1
 369806.737619 ,  1
 369806.737622 ,  2
 369806.737640 ,  1
 369806.737643 ,  231
 369806.737649 ,  1
 369806.737656 ,  2
 369806.737659 ,  11
 369806.737660 ,  6
 369806.737687 ,  68
 369806.737765 ,  1
 369806.737773 ,  1
 369806.737780 ,  5
 369806.737789 ,  25
 369806.737874 ,  1
 369806.737884 ,  1
 369806.737915 ,  114
 369806.737980 ,  1
 369806.737992 ,  1
 369806.738000 ,  4
 369806.738010 ,  19
 369806.740604 ,  1579
 369806.741469 ,  138
 369806.741493 ,  776
 369806.743504 ,  433
 369806.743507 ,  165
 369806.744062 ,  110
 369806.745500 ,  371
 369806.745557 ,  357
 369806.749237 ,  480
 369806.750187 ,  130
 369806.750351 ,  116
 369806.750377 ,  124
 369806.750399 ,  258
 369806.750447 ,  595
 369806.750545 ,  908
 369806.750708 ,  1086
 369806.750956 ,  1158
 369806.760160 ,  45
 369806.760269 ,  7
 369806.760282 ,  77
 369806.760336 ,  253
 369806.760405 ,  82
 369806.761487 ,  6
 369806.761491 ,  15
 369806.761496 ,  145
 369806.770432 ,  1
 369806.770446 ,  48
 369806.770465 ,  406
 369806.770822 ,  603
 369806.825480 ,  21
 369806.861496 ,  20
 369806.863158 ,  19
 369806.870278 ,  16
 369806.873471 ,  14
 369806.874307 ,  14
 369806.877473 ,  19
 369806.886435 ,  14
 369806.887779 ,  14
 369806.889476 ,  14
 369806.890472 ,  14
 369806.893473 ,  15
 369806.898454 ,  14
 369806.905473 ,  14
 369806.910656 ,  14
 369806.918683 ,  14
 369806.923483 ,  14
 369806.930780 ,  14
 369806.938705 ,  14
 369806.950630 ,  14
 369806.953485 ,  14
 369806.957478 ,  14
 369806.958580 ,  14
 369806.962468 ,  14
 369806.969481 ,  14
 369806.974570 ,  14
 369806.978461 ,  14
 369806.986182 ,  14
 369806.990097 ,  14
 369806.994015 ,  14
 369806.997745 ,  14
 369807.001480 ,  14
 369807.009489 ,  14
 369807.017773 ,  1
 369807.017780 ,  14
 369807.018256 ,  31
 369807.018374 ,  35
 369807.018504 ,  40
 369807.018591 ,  45
 369807.018713 ,  56
 369807.018764 ,  14
 369807.019127 ,  68
 369807.019300 ,  68
 369807.019358 ,  33
 369807.019709 ,  73
 369807.020087 ,  21
 369807.020498 ,  74
 369807.020648 ,  72
 369807.020862 ,  78
 369807.021075 ,  80
 369807.021312 ,  82
 369807.021479 ,  19
 369807.021630 ,  82
 369807.022192 ,  81
 369807.022398 ,  77
 369807.022835 ,  81
 369807.023041 ,  83
 369807.023228 ,  86
 369807.023488 ,  90
 369807.023529 ,  42
 369807.024126 ,  90
 369807.024413 ,  84
 369807.024638 ,  84
 369807.024774 ,  21
 369807.024858 ,  86
 369807.025140 ,  88
 369807.025418 ,  88
 369807.025886 ,  87
 369807.026189 ,  83
 369807.026387 ,  82
 369807.026580 ,  85
 369807.026823 ,  89
 369807.027074 ,  90
 369807.027314 ,  66
 369807.027351 ,  90
 369807.028003 ,  90
 369807.028267 ,  84
 369807.028530 ,  84
 369807.029044 ,  84
 369807.029258 ,  86
 369807.030003 ,  83
 369807.030150 ,  21
 369807.030210 ,  83
 369807.030407 ,  86
 369807.030651 ,  89
 369807.030792 ,  311
 369807.030884 ,  90
 369807.031843 ,  90
 369807.032082 ,  84
 369807.032147 ,  39
 369807.032320 ,  85
 369807.032553 ,  86
 369807.032709 ,  25
 369807.032777 ,  87
 369807.033048 ,  89
 369807.033625 ,  88
 369807.034040 ,  83
 369807.034296 ,  80
 369807.034550 ,  80
 369807.034737 ,  80
 369807.034942 ,  84
 369807.035138 ,  87
 369807.035615 ,  90
 369807.035962 ,  86
 369807.036224 ,  84
 369807.036454 ,  84
 369807.036644 ,  85
 369807.037755 ,  85
 369807.038102 ,  24
 369807.038115 ,  83
 369807.038389 ,  81
 369807.038651 ,  81
 369807.039396 ,  81
 369807.039637 ,  77
 369807.039882 ,  78
 369807.040112 ,  79
 369807.040212 ,  20
 369807.040482 ,  29
 369807.040832 ,  82
 369807.040975 ,  44
 369807.041269 ,  84
 369807.041616 ,  81
 369807.041869 ,  79
 369807.042153 ,  79
 369807.042469 ,  79
 369807.042766 ,  78
 369807.043199 ,  78
 369807.043446 ,  42
 369807.043561 ,  75
 369807.044210 ,  79
 369807.044454 ,  79
 369807.044645 ,  80
 369807.045138 ,  83
 369807.045447 ,  79
 369807.045664 ,  78
 369807.045919 ,  80
 369807.045926 ,  22
 369807.046193 ,  80
 369807.046508 ,  80
 369807.047218 ,  75
 369807.047676 ,  80
 369807.047929 ,  81
 369807.048651 ,  82
 369807.048992 ,  78
 369807.049173 ,  77
 369807.049407 ,  81
 369807.049634 ,  82
 369807.049876 ,  83
 369807.051054 ,  83
 369807.051340 ,  84
 369807.051609 ,  84
 369807.051625 ,  49
 369807.052441 ,  80
 369807.052954 ,  81
 369807.053234 ,  80
 369807.053423 ,  80
 369807.053874 ,  84
 369807.054174 ,  81
 369807.054760 ,  80
 369807.055025 ,  80
 369807.055311 ,  80
 369807.055851 ,  80
 369807.056286 ,  76
 369807.056451 ,  82
 369807.056732 ,  88
 369807.056843 ,  26
 369807.057014 ,  88
 369807.058085 ,  81
 369807.058369 ,  81
 369807.058639 ,  81
 369807.059407 ,  82
 369807.059519 ,  27
 369807.059737 ,  78
 369807.060017 ,  77
 369807.060880 ,  31
 369807.061245 ,  74
 369807.061484 ,  23
 369807.061500 ,  71
 369807.061871 ,  77
 369807.062909 ,  78
 369807.063199 ,  75
 369807.063377 ,  28
 369807.063408 ,  75
 369807.064529 ,  79
 369807.064796 ,  74
 369807.065144 ,  74
 369807.065471 ,  73
 369807.065537 ,  50
 369807.065938 ,  72
 369807.066381 ,  69
 369807.066623 ,  74
 369807.066837 ,  75
 369807.067081 ,  77
 369807.067520 ,  78
 369807.068226 ,  72
 369807.068596 ,  72
 369807.068879 ,  70
 369807.068927 ,  23
 369807.069434 ,  70
 369807.070448 ,  67
 369807.071059 ,  69
 369807.071378 ,  67
 369807.071650 ,  66
 369807.072024 ,  361
 369807.072207 ,  66
 369807.073125 ,  67
 369807.073386 ,  66
 369807.073620 ,  25
 369807.073960 ,  66
 369807.074191 ,  66
 369807.074722 ,  70
 369807.075205 ,  68
 369807.075689 ,  74
 369807.075944 ,  75
 369807.076420 ,  75
 369807.076920 ,  73
 369807.077148 ,  73
 369807.077424 ,  74
 369807.077897 ,  74
 369807.078170 ,  71
 369807.078444 ,  71
 369807.078706 ,  345
 369807.078736 ,  71
 369807.078907 ,  71
 369807.078937 ,  349
 369807.079214 ,  75
 369807.079445 ,  74
 369807.079950 ,  75
 369807.080411 ,  73
 369807.081456 ,  78
 369807.081493 ,  31
 369807.081709 ,  73
 369807.081838 ,  356
 369807.081985 ,  73
 369807.082216 ,  73
 369807.082936 ,  74
 369807.083195 ,  72
 369807.083466 ,  72
 369807.083684 ,  72
 369807.083878 ,  74
 369807.084212 ,  77
 369807.085380 ,  72
 369807.085618 ,  46
 369807.085637 ,  73
 369807.086447 ,  69
 369807.086631 ,  71
 369807.086795 ,  75
 369807.087030 ,  80
 369807.087803 ,  81
 369807.088190 ,  77
 369807.088226 ,  36
 369807.088541 ,  75
 369807.088854 ,  74
 369807.089761 ,  72
 369807.090478 ,  67
 369807.091309 ,  63
 369807.091628 ,  61
 369807.091972 ,  61
 369807.092342 ,  60
 369807.092832 ,  59
 369807.093010 ,  33
 369807.093065 ,  57
 369807.093277 ,  58
 369807.094128 ,  58
 369807.094692 ,  56
 369807.094952 ,  53
 369807.095368 ,  25
 369807.095399 ,  56
 369807.095713 ,  56
 369807.096470 ,  55
 369807.096658 ,  54
 369807.097304 ,  57
 369807.097718 ,  55
 369807.098350 ,  53
 369807.098492 ,  53
 369807.098932 ,  59
 369807.099150 ,  60
 369807.099576 ,  61
 369807.099792 ,  30
 369807.099854 ,  59
 369807.100301 ,  59
 369807.101414 ,  63
 369807.102280 ,  60
 369807.102815 ,  306
 369807.102899 ,  60
 369807.103169 ,  59
 369807.103572 ,  59
 369807.103855 ,  57
 369807.104099 ,  57
 369807.104274 ,  50
 369807.104845 ,  59
 369807.105200 ,  56
 369807.105853 ,  55
 369807.106053 ,  290
 369807.106273 ,  54
 369807.106945 ,  55
 369807.107204 ,  57
 369807.107466 ,  57
 369807.108138 ,  55
 369807.108500 ,  55
 369807.108856 ,  54
 369807.109661 ,  52
 369807.110079 ,  51
 369807.110365 ,  53
 369807.111066 ,  53
 369807.111420 ,  52
 369807.112208 ,  52
 369807.112523 ,  52
 369807.113094 ,  51
 369807.113338 ,  56
 369807.113958 ,  57
 369807.115140 ,  56
 369807.115436 ,  58
 369807.115875 ,  58
 369807.116154 ,  56
 369807.117597 ,  57
 369807.117853 ,  56
 369807.118551 ,  56
 369807.118939 ,  55
 369807.119630 ,  53
 369807.119875 ,  53
 369807.120696 ,  54
 369807.121030 ,  52
 369807.121611 ,  52
 369807.121834 ,  49
 369807.121954 ,  52
 369807.122320 ,  51
 369807.122692 ,  50
 369807.123000 ,  49
 369807.123303 ,  49
 369807.124018 ,  47
 369807.124228 ,  47
 369807.124955 ,  49
 369807.125479 ,  50
 369807.125674 ,  48
 369807.125716 ,  47
 369807.125966 ,  50
 369807.126242 ,  50
 369807.126508 ,  50
 369807.126826 ,  50
 369807.127115 ,  50
 369807.127426 ,  50
 369807.127669 ,  50
 369807.128590 ,  34
 369807.129209 ,  48
 369807.130021 ,  47
 369807.130280 ,  46
 369807.130538 ,  46
 369807.130877 ,  46
 369807.131371 ,  47
 369807.132090 ,  46
 369807.132329 ,  46
 369807.132591 ,  47
 369807.132934 ,  47
 369807.133021 ,  25
 369807.133642 ,  45
 369807.134137 ,  47
 369807.134400 ,  47
 369807.134703 ,  47
 369807.135275 ,  26
 369807.135363 ,  46
 369807.135590 ,  47
 369807.135910 ,  48
 369807.136513 ,  48
 369807.137477 ,  47
 369807.137495 ,  30
 369807.137840 ,  47
 369807.138334 ,  46
 369807.138798 ,  23
 369807.140173 ,  45
 369807.140976 ,  47
 369807.141428 ,  47
 369807.141810 ,  46
 369807.142064 ,  45
 369807.142859 ,  45
 369807.144086 ,  44
 369807.144532 ,  44
 369807.144736 ,  43
 369807.145095 ,  56
 369807.145329 ,  59
 369807.145618 ,  45
 369807.146055 ,  45
 369807.146098 ,  26
 369807.146503 ,  44
 369807.146654 ,  43
 369807.146967 ,  47
 369807.147423 ,  26
 369807.148413 ,  46
 369807.148666 ,  46
 369807.149167 ,  46
 369807.149793 ,  44
 369807.150003 ,  44
 369807.150237 ,  45
 369807.150591 ,  46
 369807.150993 ,  46
 369807.151741 ,  45
 369807.152611 ,  44
 369807.152931 ,  42
 369807.153747 ,  42
 369807.154092 ,  42
 369807.154299 ,  42
 369807.154551 ,  43
 369807.154820 ,  43
 369807.155637 ,  43
 369807.155873 ,  41
 369807.155961 ,  32
 369807.156093 ,  42
 369807.156309 ,  43
 369807.156557 ,  44
 369807.157317 ,  43
 369807.157610 ,  43
 369807.158995 ,  41
 369807.159387 ,  308
 369807.159511 ,  41
 369807.160321 ,  40
 369807.160499 ,  40
 369807.160689 ,  42
 369807.161162 ,  45
 369807.162676 ,  43
 369807.163050 ,  43
 369807.163470 ,  25
 369807.163959 ,  42
 369807.164233 ,  42
 369807.164461 ,  42
 369807.165302 ,  42
 369807.165787 ,  26
 369807.165814 ,  43
 369807.166179 ,  43
 369807.166299 ,  48
 369807.166491 ,  43
 369807.166986 ,  48
 369807.167284 ,  44
 369807.167789 ,  44
 369807.168072 ,  42
 369807.168312 ,  42
 369807.168845 ,  43
 369807.169147 ,  44
 369807.170538 ,  43
 369807.170899 ,  43
 369807.171291 ,  44
 369807.172017 ,  47
 369807.172499 ,  46
 369807.172550 ,  309
 369807.172812 ,  44
 369807.173061 ,  44
 369807.173279 ,  44
 369807.173514 ,  310
 369807.173575 ,  45
 369807.174044 ,  45
 369807.174396 ,  51
 369807.174471 ,  45
 369807.174730 ,  46
 369807.174859 ,  52
 369807.175624 ,  46
 369807.175905 ,  44
 369807.176474 ,  44
 369807.176928 ,  44
 369807.177610 ,  43
 369807.178121 ,  43
 369807.178486 ,  42
 369807.180034 ,  43
 369807.180317 ,  42
 369807.180757 ,  44
 369807.180978 ,  44
 369807.181342 ,  45
 369807.181835 ,  44
 369807.182056 ,  43
 369807.182305 ,  44
 369807.182533 ,  26
 369807.182636 ,  44
 369807.183356 ,  44
 369807.183924 ,  43
 369807.184467 ,  23
 369807.184535 ,  43
 369807.184943 ,  43
 369807.185179 ,  51
 369807.185219 ,  42
 369807.185425 ,  42
 369807.185779 ,  43
 369807.186046 ,  43
 369807.186337 ,  43
 369807.186689 ,  43
 369807.187076 ,  43
 369807.187439 ,  42
 369807.187879 ,  42
 369807.188228 ,  25
 369807.188479 ,  41
 369807.190149 ,  39
 369807.190797 ,  40
 369807.190966 ,  53
 369807.191162 ,  40
 369807.191464 ,  40
 369807.191700 ,  40
 369807.192298 ,  41
 369807.192510 ,  41
 369807.192916 ,  42
 369807.193259 ,  41
 369807.194368 ,  42
 369807.194672 ,  42
 369807.194933 ,  42
 369807.195230 ,  42
 369807.195975 ,  42
 369807.196474 ,  42
 369807.197003 ,  42
 369807.197445 ,  43
 369807.197492 ,  25
 369807.198004 ,  42
 369807.198255 ,  42
 369807.198542 ,  42
 369807.199385 ,  41
 369807.199660 ,  44
 369807.200253 ,  44
 369807.200828 ,  43
 369807.201143 ,  45
 369807.202048 ,  45
 369807.202451 ,  45
 369807.203009 ,  23
 369807.203349 ,  35
 369807.203706 ,  23
 369807.203773 ,  45
 369807.204843 ,  53
 369807.205501 ,  27
 369807.205526 ,  41
 369807.205728 ,  41
 369807.205943 ,  43
 369807.206580 ,  44
 369807.207702 ,  43
 369807.207959 ,  43
 369807.208444 ,  43
 369807.209166 ,  41
 369807.209415 ,  41
 369807.209500 ,  35
 369807.210341 ,  41
 369807.211240 ,  44
 369807.212642 ,  44
 369807.214193 ,  24
 369807.214519 ,  42
 369807.214802 ,  42
 369807.215419 ,  43
 369807.215710 ,  42
 369807.216406 ,  42
 369807.216797 ,  42
 369807.217131 ,  41
 369807.217407 ,  41
 369807.217787 ,  41
 369807.217991 ,  40
 369807.218192 ,  54
 369807.218595 ,  44
 369807.218841 ,  43
 369807.219109 ,  43
 369807.219358 ,  43
 369807.220031 ,  44
 369807.220180 ,  24
 369807.220333 ,  43
 369807.220783 ,  43
 369807.221139 ,  45
 369807.221368 ,  45
 369807.222140 ,  45
 369807.222728 ,  45
 369807.223254 ,  45
 369807.223590 ,  45
 369807.224082 ,  46
 369807.224408 ,  46
 369807.224730 ,  46
 369807.225439 ,  45
 369807.225719 ,  45
 369807.225977 ,  45
 369807.226444 ,  45
 369807.227032 ,  44
 369807.227346 ,  44
 369807.228426 ,  43
 369807.229019 ,  44
 369807.229340 ,  44
 369807.229492 ,  25
 369807.229915 ,  51
 369807.230098 ,  43
 369807.231629 ,  46
 369807.232529 ,  46
 369807.232954 ,  46
 369807.233186 ,  45
 369807.233825 ,  46
 369807.234185 ,  46
 369807.234606 ,  45
 369807.234836 ,  44
 369807.234991 ,  45
 369807.235285 ,  49
 369807.235506 ,  49
 369807.236199 ,  50
 369807.236434 ,  49
 369807.236850 ,  50
 369807.237531 ,  48
 369807.238006 ,  48
 369807.238303 ,  56
 369807.238349 ,  46
 369807.238689 ,  24
 369807.238705 ,  46
 369807.238927 ,  46
 369807.239380 ,  47
 369807.239776 ,  46
 369807.240131 ,  45
 369807.240633 ,  45
 369807.241168 ,  46
 369807.241744 ,  44
 369807.242167 ,  50
 369807.242464 ,  44
 369807.242840 ,  43
 369807.243380 ,  31
 369807.243416 ,  42
 369807.243627 ,  25
 369807.244189 ,  42
 369807.244427 ,  41
 369807.244646 ,  42
 369807.245216 ,  43
 369807.245406 ,  43
 369807.246502 ,  44
 369807.246675 ,  44
 369807.246958 ,  47
 369807.247763 ,  46
 369807.248030 ,  45
 369807.248397 ,  45
 369807.249183 ,  42
 369807.250259 ,  41
 369807.250587 ,  41
 369807.250735 ,  50
 369807.250803 ,  41
 369807.251045 ,  42
 369807.251318 ,  43
 369807.252115 ,  42
 369807.252438 ,  41
 369807.252948 ,  41
 369807.253451 ,  43
 369807.253767 ,  42
 369807.254657 ,  43
 369807.255097 ,  42
 369807.255328 ,  33
 369807.255560 ,  43
 369807.255865 ,  43
 369807.256156 ,  43
 369807.256519 ,  32
 369807.256671 ,  43
 369807.257153 ,  42
 369807.257656 ,  42
 369807.258406 ,  42
 369807.258690 ,  42
 369807.258757 ,  61
 369807.259000 ,  42
 369807.259287 ,  42
 369807.259790 ,  42
 369807.260045 ,  41
 369807.260604 ,  41
 369807.260883 ,  41
 369807.261228 ,  41
 369807.261840 ,  41
 369807.262150 ,  41
 369807.262758 ,  41
 369807.263226 ,  41
 369807.263582 ,  40
 369807.263839 ,  40
 369807.264123 ,  40
 369807.264549 ,  40
 369807.264840 ,  39
 369807.265116 ,  39
 369807.265253 ,  49
 369807.265582 ,  39
 369807.266205 ,  40
 369807.266505 ,  40
 369807.266678 ,  40
 369807.266976 ,  43
 369807.267277 ,  43
 369807.267540 ,  43
 369807.268052 ,  43
 369807.268363 ,  42
 369807.268549 ,  42
 369807.270047 ,  44
 369807.270519 ,  45
 369807.271225 ,  45
 369807.271570 ,  50
 369807.271902 ,  45
 369807.273061 ,  42
 369807.273616 ,  42
 369807.274063 ,  42
 369807.274317 ,  41
 369807.274536 ,  41
 369807.274806 ,  42
 369807.275535 ,  42
 369807.275863 ,  41
 369807.276154 ,  41
 369807.277289 ,  41
 369807.277624 ,  39
 369807.277870 ,  39
 369807.278141 ,  39
 369807.279374 ,  23
 369807.279517 ,  41
 369807.279722 ,  42
 369807.279934 ,  44
 369807.280407 ,  45
 369807.280821 ,  44
 369807.281146 ,  43
 369807.281406 ,  43
 369807.281656 ,  43
 369807.282066 ,  43
 369807.282442 ,  42
 369807.283386 ,  42
 369807.283960 ,  41
 369807.284189 ,  41
 369807.284428 ,  42
 369807.284666 ,  43
 369807.285394 ,  43
 369807.285498 ,  33
 369807.285636 ,  54
 369807.285728 ,  43
 369807.285988 ,  43
 369807.286360 ,  33
 369807.288266 ,  44
 369807.288488 ,  43
 369807.289061 ,  44
 369807.289385 ,  44
 369807.289698 ,  44
 369807.290366 ,  43
 369807.290372 ,  52
 369807.290545 ,  43
 369807.291395 ,  49
 369807.291517 ,  23
 369807.291645 ,  50
 369807.292249 ,  47
 369807.292487 ,  47
 369807.293796 ,  47
 369807.293865 ,  309
 369807.295307 ,  45
 369807.295463 ,  65
 369807.295652 ,  44
 369807.295693 ,  24
 369807.295944 ,  44
 369807.296724 ,  42
 369807.297938 ,  42
 369807.298335 ,  43
 369807.298612 ,  45
 369807.299382 ,  45
 369807.299762 ,  44
 369807.300044 ,  43
 369807.300780 ,  27
 369807.300838 ,  43
 369807.301305 ,  41
 369807.302232 ,  45
 369807.303303 ,  45
 369807.303785 ,  45
 369807.304408 ,  44
 369807.304715 ,  44
 369807.305176 ,  44
 369807.306235 ,  47
 369807.306648 ,  52
 369807.307300 ,  50
 369807.307589 ,  50
 369807.307969 ,  50
 369807.308455 ,  49
 369807.310025 ,  44
 369807.310472 ,  52
 369807.310762 ,  44
 369807.311571 ,  44
 369807.311882 ,  53
 369807.311975 ,  43
 369807.312474 ,  43
 369807.313080 ,  55
 369807.313267 ,  42
 369807.313466 ,  42
 369807.313920 ,  44
 369807.314180 ,  46
 369807.315239 ,  45
 369807.316331 ,  44
 369807.317935 ,  44
 369807.318170 ,  44
 369807.318469 ,  45
 369807.318811 ,  45
 369807.319899 ,  44
 369807.320128 ,  50
 369807.320182 ,  44
 369807.320657 ,  44
 369807.320946 ,  43
 369807.321258 ,  45
 369807.321825 ,  51
 369807.322211 ,  51
 369807.322973 ,  50
 369807.323260 ,  56
 369807.323725 ,  51
 369807.324146 ,  50
 369807.324469 ,  49
 369807.325008 ,  49
 369807.325500 ,  50
 369807.326238 ,  48
 369807.326992 ,  47
 369807.327213 ,  54
 369807.327287 ,  45
 369807.328217 ,  45
 369807.328552 ,  45
 369807.328590 ,  30
 369807.328818 ,  45
 369807.328823 ,  25
 369807.329339 ,  45
 369807.330136 ,  44
 369807.330385 ,  44
 369807.330585 ,  44
 369807.330819 ,  46
 369807.331247 ,  47
 369807.331679 ,  46
 369807.332172 ,  45
 369807.332465 ,  46
 369807.332696 ,  46
 369807.332876 ,  314
 369807.333226 ,  47
 369807.333760 ,  46
 369807.334030 ,  46
 369807.334386 ,  46
 369807.334719 ,  46
 369807.334985 ,  46
 369807.335256 ,  46
 369807.335734 ,  49
 369807.336282 ,  49
 369807.336534 ,  47
 369807.337194 ,  47
 369807.337507 ,  31
 369807.337744 ,  47
 369807.338007 ,  45
 369807.338829 ,  47
 369807.339188 ,  47
 369807.339398 ,  46
 369807.339948 ,  49
 369807.340343 ,  49
 369807.341077 ,  48
 369807.341362 ,  49
 369807.341534 ,  48
 369807.341934 ,  49
 369807.342339 ,  48
 369807.342572 ,  47
 369807.343643 ,  48
 369807.343914 ,  46
 369807.344514 ,  46
 369807.344779 ,  46
 369807.345270 ,  318
 369807.345714 ,  48
 369807.346046 ,  48
 369807.346441 ,  48
 369807.346542 ,  325
 369807.346749 ,  47
 369807.347158 ,  49
 369807.348065 ,  48
 369807.348438 ,  25
 369807.348481 ,  312
 369807.348914 ,  26
 369807.349415 ,  47
 369807.349651 ,  45
 369807.350064 ,  49
 369807.350231 ,  316
 369807.350370 ,  50
 369807.350797 ,  50
 369807.351311 ,  49
 369807.351631 ,  47
 369807.351641 ,  25
 369807.351831 ,  47
 369807.352161 ,  49
 369807.352642 ,  49
 369807.352864 ,  47
 369807.353102 ,  48
 369807.353298 ,  49
 369807.353808 ,  53
 369807.354164 ,  53
 369807.354346 ,  52
 369807.354394 ,  51
 369807.354861 ,  55
 369807.355096 ,  54
 369807.355929 ,  54
 369807.356200 ,  54
 369807.356542 ,  54
 369807.357348 ,  51
 369807.357629 ,  50
 369807.358031 ,  50
 369807.358717 ,  48
 369807.358972 ,  48
 369807.359106 ,  47
 369807.359214 ,  48
 369807.359435 ,  49
 369807.359923 ,  50
 369807.360227 ,  48
 369807.360511 ,  48
 369807.361502 ,  30
 369807.362456 ,  46
 369807.363102 ,  46
 369807.363965 ,  45
 369807.364153 ,  45
 369807.364346 ,  47
 369807.364809 ,  49
 369807.364861 ,  25
 369807.365009 ,  47
 369807.365189 ,  24
 369807.365455 ,  49
 369807.365711 ,  51
 369807.365744 ,  1
 369807.365750 ,  1
 369807.365753 ,  6
 369807.365757 ,  55
 369807.365861 ,  52
 369807.367456 ,  297
 369807.368288 ,  1856
 369807.372423 ,  1312
 369807.374027 ,  1051
 369807.375105 ,  941
 369807.376446 ,  852
 369807.378233 ,  111
 369807.378326 ,  644
 369807.379482 ,  543
 369807.380255 ,  506
 369807.380841 ,  464
 369807.381384 ,  432
 369807.383319 ,  317
 369807.383640 ,  309
 369807.383854 ,  130
 369807.383942 ,  302
 369807.384841 ,  280
 369807.385126 ,  268
 369807.385419 ,  265
 369807.386011 ,  247
 369807.386402 ,  248
 369807.386759 ,  238
 369807.387110 ,  230
 369807.387386 ,  223
 369807.387610 ,  222
 369807.387841 ,  226
 369807.388294 ,  229
 369807.388909 ,  210
 369807.389163 ,  210
 369807.389420 ,  210
 369807.390409 ,  209
 369807.390915 ,  193
 369807.390940 ,  82
 369807.391381 ,  207
 369807.391812 ,  210
 369807.392037 ,  218
 369807.392897 ,  206
 369807.393081 ,  207
 369807.393326 ,  216
 369807.393589 ,  215
 369807.393835 ,  215
 369807.394697 ,  222
 369807.394964 ,  213
 369807.395435 ,  211
 369807.395665 ,  219
 369807.395880 ,  222
 369807.396800 ,  220
 369807.397052 ,  217
 369807.397775 ,  220
 369807.398524 ,  220
 369807.399214 ,  212
 369807.399414 ,  216
 369807.399593 ,  223
 369807.399812 ,  235
 369807.400060 ,  240
 369807.400482 ,  241
 369807.400853 ,  99
 369807.400879 ,  230
 369807.401337 ,  222
 369807.401567 ,  225
 369807.402578 ,  232
 369807.402894 ,  218
 369807.403321 ,  217
 369807.403778 ,  229
 369807.404059 ,  230
 369807.404489 ,  228
 369807.405083 ,  212
 369807.405748 ,  227
 369807.405977 ,  225
 369807.406201 ,  228
 369807.406540 ,  232
 369807.407078 ,  222
 369807.407288 ,  224
 369807.408043 ,  97
 369807.408441 ,  241
 369807.408889 ,  232
 369807.409490 ,  251
 369807.409754 ,  258
 369807.409803 ,  117
 369807.409990 ,  257
 369807.410198 ,  259
 369807.411886 ,  255
 369807.412779 ,  261
 369807.413028 ,  242
 369807.413243 ,  242
 369807.413385 ,  102
 369807.413891 ,  256
 369807.415105 ,  245
 369807.415303 ,  248
 369807.416186 ,  272
 369807.416631 ,  275
 369807.416943 ,  261
 369807.417184 ,  256
 369807.417645 ,  259
 369807.417900 ,  263
 369807.418117 ,  263
 369807.418790 ,  256
 369807.418987 ,  256
 369807.419217 ,  265
 369807.419457 ,  268
 369807.419723 ,  270
 369807.420113 ,  269
 369807.420373 ,  106
 369807.420457 ,  258
 369807.420696 ,  250
 369807.420909 ,  252
 369807.421156 ,  258
 369807.421534 ,  100
 369807.421647 ,  258
 369807.422103 ,  261
 369807.422424 ,  248
 369807.422883 ,  243
 369807.423564 ,  256
 369807.423946 ,  258
 369807.424286 ,  248
 369807.424705 ,  247
 369807.424934 ,  253
 369807.425170 ,  256
 369807.425411 ,  258
 369807.425857 ,  258
 369807.426595 ,  244
 369807.427465 ,  248
 369807.428046 ,  233
 369807.428503 ,  237
 369807.428732 ,  242
 369807.429573 ,  238
 369807.429758 ,  241
 369807.431009 ,  252
 369807.431340 ,  239
 369807.431578 ,  233
 369807.431768 ,  235
 369807.431983 ,  245
 369807.432456 ,  252
 369807.432800 ,  254
 369807.433596 ,  247
 369807.433841 ,  247
 369807.434637 ,  261
 369807.434937 ,  251
 369807.435629 ,  253
 369807.435904 ,  256
 369807.436293 ,  254
 369807.436586 ,  244
 369807.437019 ,  248
 369807.437252 ,  252
 369807.437463 ,  255
 369807.437730 ,  260
 369807.438410 ,  249
 369807.438821 ,  251
 369807.439341 ,  263
 369807.439817 ,  260
 369807.440062 ,  246
 369807.440161 ,  111
 369807.440286 ,  247
 369807.440488 ,  251
 369807.440716 ,  259
 369807.441524 ,  267
 369807.442152 ,  124
 369807.442259 ,  262
 369807.442454 ,  264
 369807.443320 ,  277
 369807.444101 ,  265
 369807.444375 ,  265
 369807.444658 ,  263
 369807.445016 ,  260
 369807.445343 ,  251
 369807.445799 ,  252
 369807.446260 ,  260
 369807.446498 ,  260
 369807.446873 ,  262
 369807.447354 ,  250
 369807.447553 ,  259
 369807.447760 ,  268
 369807.449290 ,  101
 369807.449338 ,  256
 369807.449988 ,  273
 369807.450358 ,  274
 369807.450677 ,  264
 369807.451131 ,  262
 369807.451356 ,  265
 369807.451589 ,  269
 369807.451799 ,  272
 369807.452228 ,  279
 369807.452511 ,  266
 369807.452964 ,  264
 369807.453200 ,  272
 369807.453420 ,  274
 369807.453810 ,  278
 369807.454577 ,  269
 369807.455017 ,  271
 369807.455608 ,  283
 369807.455921 ,  273
 369807.456157 ,  267
 369807.456426 ,  269
 369807.456664 ,  268
 369807.456891 ,  270
 369807.457124 ,  274
 369807.457564 ,  275
 369807.457783 ,  261
 369807.458013 ,  266
 369807.458244 ,  269
 369807.458651 ,  289
 369807.458854 ,  291
 369807.459211 ,  300
 369807.460017 ,  289
 369807.460255 ,  288
 369807.460440 ,  290
 369807.460825 ,  303
 369807.461144 ,  291
 369807.461362 ,  284
 369807.462140 ,  288
 369807.462559 ,  288
 369807.462845 ,  275
 369807.463335 ,  272
 369807.463760 ,  280
 369807.464151 ,  287
 369807.464724 ,  269
 369807.464970 ,  269
 369807.465203 ,  270
 369807.465882 ,  278
 369807.466205 ,  135
 369807.466317 ,  264
 369807.466513 ,  275
 369807.466905 ,  299
 369807.467311 ,  306
 369807.468328 ,  296
 369807.468578 ,  298
 369807.468891 ,  298
 369807.469150 ,  292
 369807.469375 ,  292
 369807.469712 ,  143
 369807.469833 ,  298
 369807.470043 ,  303
 369807.470385 ,  311
 369807.470651 ,  302
 369807.470923 ,  301
 369807.471519 ,  138
 369807.471708 ,  297
 369807.472332 ,  295
 369807.472527 ,  134
 369807.472790 ,  285
 369807.473020 ,  296
 369807.473442 ,  305
 369807.473898 ,  313
 369807.475459 ,  114
 369807.475544 ,  308
 369807.476341 ,  291
 369807.477180 ,  305
 369807.477456 ,  295
 369807.477721 ,  290
 369807.477944 ,  289
 369807.478402 ,  297
 369807.478713 ,  302
 369807.479163 ,  111
 369807.480303 ,  303
 369807.480843 ,  286
 369807.481731 ,  299
 369807.482286 ,  279
 369807.482753 ,  289
 369807.483286 ,  296
 369807.483559 ,  289
 369807.483987 ,  294
 369807.484228 ,  300
 369807.484426 ,  302
 369807.484795 ,  312
 369807.484923 ,  118
 369807.485090 ,  301
 369807.485582 ,  299
 369807.485669 ,  144
 369807.485848 ,  298
 369807.486333 ,  298
 369807.487167 ,  293
 369807.487635 ,  297
 369807.487898 ,  299
 369807.488249 ,  298
 369807.488586 ,  289
 369807.488822 ,  281
 369807.489512 ,  149
 369807.489722 ,  288
 369807.489947 ,  274
 369807.490144 ,  278
 369807.490783 ,  298
 369807.491427 ,  309
 369807.491731 ,  296
 369807.491922 ,  291
 369807.493409 ,  135
 369807.493732 ,  307
 369807.494251 ,  310
 369807.494580 ,  307
 369807.495154 ,  291
 369807.495374 ,  293
 369807.495611 ,  299
 369807.495870 ,  301
 369807.496193 ,  301
 369807.496769 ,  285
 369807.496968 ,  288
 369807.497200 ,  298
 369807.497427 ,  301
 369807.497838 ,  120
 369807.499201 ,  317
 369807.499553 ,  318
 369807.500761 ,  318
 369807.501137 ,  322
 369807.501436 ,  310
 369807.501941 ,  308
 369807.502602 ,  316
 369807.503740 ,  310
 369807.504022 ,  310
 369807.504270 ,  307
 369807.504774 ,  141
 369807.504871 ,  298
 369807.505123 ,  299
 369807.505611 ,  302
 369807.506033 ,  302
 369807.506496 ,  286
 369807.506700 ,  114
 369807.506735 ,  298
 369807.507597 ,  301
 369807.507900 ,  291
 369807.508119 ,  286
 369807.509002 ,  306
 369807.509362 ,  314
 369807.510084 ,  301
 369807.510328 ,  309
 369807.510886 ,  313
 369807.511256 ,  306
 369807.511517 ,  295
 369807.512040 ,  296
 369807.512660 ,  293
 369807.512945 ,  283
 369807.513390 ,  284
 369807.513633 ,  289
 369807.513887 ,  290
 369807.514229 ,  290
 369807.514603 ,  139
 369807.514869 ,  294
 369807.515092 ,  306
 369807.515325 ,  311
 369807.516365 ,  309
 369807.516597 ,  319
 369807.517499 ,  326
 369807.517571 ,  121
 369807.518522 ,  314
 369807.519148 ,  313
 369807.519663 ,  295
 369807.519924 ,  302
 369807.520832 ,  299
 369807.522065 ,  298
 369807.522559 ,  298
 369807.522844 ,  281
 369807.522906 ,  135
 369807.523292 ,  284
 369807.524083 ,  294
 369807.524391 ,  286
 369807.524609 ,  280
 369807.524949 ,  303
 369807.525173 ,  320
 369807.525405 ,  325
 369807.525826 ,  324
 369807.526321 ,  310
 369807.526592 ,  311
 369807.526832 ,  309
 369807.527198 ,  311
 369807.527507 ,  300
 369807.527704 ,  294
 369807.527954 ,  304
 369807.528746 ,  315
 369807.528834 ,  118
 369807.529035 ,  305
 369807.529694 ,  312
 369807.529883 ,  317
 369807.530619 ,  313
 369807.530859 ,  308
 369807.531077 ,  310
 369807.531325 ,  316
 369807.531546 ,  317
 369807.531913 ,  323
 369807.532206 ,  311
 369807.532446 ,  306
 369807.532973 ,  305
 369807.533388 ,  306
 369807.533858 ,  292
 369807.534581 ,  306
 369807.535203 ,  294
 369807.535693 ,  293
 369807.535937 ,  300
 369807.536724 ,  323
 369807.537004 ,  309
 369807.537222 ,  306
 369807.537482 ,  312
 369807.537762 ,  311
 369807.538437 ,  316
 369807.538444 ,  121
 369807.538917 ,  296
 369807.539129 ,  306
 369807.540643 ,  322
 369807.541099 ,  340
 369807.541340 ,  340
 369807.541743 ,  339
 369807.542302 ,  322
 369807.542584 ,  318
 369807.542681 ,  142
 369807.542887 ,  315
 369807.543089 ,  309
 369807.543430 ,  318
 369807.544711 ,  310
 369807.545068 ,  310
 369807.545372 ,  300
 369807.545867 ,  296
 369807.545893 ,  148
 369807.546808 ,  292
 369807.547273 ,  280
 369807.547683 ,  298
 369807.548489 ,  308
 369807.548813 ,  301
 369807.549060 ,  294
 369807.549271 ,  295
 369807.550032 ,  312
 369807.550724 ,  313
 369807.552175 ,  303
 369807.552695 ,  112
 369807.552716 ,  302
 369807.552972 ,  299
 369807.553361 ,  299
 369807.553860 ,  284
 369807.554098 ,  291
 369807.554579 ,  296
 369807.554929 ,  297
 369807.555724 ,  289
 369807.555966 ,  287
 369807.556182 ,  288
 369807.556413 ,  294
 369807.557280 ,  289
 369807.557901 ,  307
 369807.558323 ,  314
 369807.558840 ,  294
 369807.559060 ,  299
 369807.559581 ,  302
 369807.559976 ,  303
 369807.560541 ,  283
 369807.561010 ,  288
 369807.561244 ,  291
 369807.561604 ,  292
 369807.561723 ,  126
 369807.561885 ,  282
 369807.562611 ,  282
 369807.563253 ,  286
 369807.563553 ,  274
 369807.563761 ,  270
 369807.564182 ,  285
 369807.564384 ,  291
 369807.564973 ,  305
 369807.565976 ,  296
 369807.566221 ,  296
 369807.566804 ,  292
 369807.567045 ,  289
 369807.567256 ,  291
 369807.567714 ,  302
 369807.568097 ,  306
 369807.568368 ,  294
 369807.568883 ,  295
 369807.569103 ,  292
 369807.569335 ,  297
 369807.570638 ,  297
 369807.571101 ,  306
 369807.571117 ,  110
 369807.571527 ,  312
 369807.571831 ,  150
 369807.572086 ,  290
 369807.572333 ,  292
 369807.573149 ,  297
 369807.573348 ,  119
 369807.573461 ,  289
 369807.573900 ,  285
 369807.574149 ,  292
 369807.574581 ,  299
 369807.574914 ,  155
 369807.575424 ,  296
 369807.575645 ,  301
 369807.576136 ,  306
 369807.576828 ,  298
 369807.577087 ,  290
 369807.577830 ,  291
 369807.578663 ,  284
 369807.578884 ,  287
 369807.579086 ,  292
 369807.579343 ,  301
 369807.579983 ,  161
 369807.580041 ,  302
 369807.580272 ,  286
 369807.580715 ,  296
 369807.580745 ,  120
 369807.580966 ,  299
 369807.581332 ,  299
 369807.581589 ,  287
 369807.581782 ,  287
 369807.582186 ,  311
 369807.582424 ,  317
 369807.582685 ,  320
 369807.583053 ,  319
 369807.583817 ,  301
 369807.584303 ,  311
 369807.584636 ,  314
 369807.585403 ,  301
 369807.585916 ,  309
 369807.586166 ,  309
 369807.586788 ,  297
 369807.587040 ,  299
 369807.587234 ,  299
 369807.588477 ,  294
 369807.588670 ,  110
 369807.589377 ,  304
 369807.589741 ,  309
 369807.589999 ,  298
 369807.590177 ,  298
 369807.590417 ,  313
 369807.590654 ,  315
 369807.591203 ,  318
 369807.591770 ,  305
 369807.592207 ,  316
 369807.592813 ,  319
 369807.593371 ,  300
 369807.593591 ,  305
 369807.593825 ,  310
 369807.594087 ,  313
 369807.594429 ,  312
 369807.594968 ,  296
 369807.595162 ,  302
 369807.595413 ,  313
 369807.595911 ,  312
 369807.596452 ,  316
 369807.596880 ,  307
 369807.597351 ,  314
 369807.597589 ,  314
 369807.597909 ,  105
 369807.597986 ,  316
 369807.598194 ,  303
 369807.598446 ,  311
 369807.598942 ,  311
 369807.599185 ,  314
 369807.599560 ,  315
 369807.599825 ,  303
 369807.600545 ,  316
 369807.600936 ,  314
 369807.601238 ,  301
 369807.601452 ,  296
 369807.602200 ,  303
 369807.602529 ,  305
 369807.602816 ,  297
 369807.603696 ,  310
 369807.604366 ,  327
 369807.604643 ,  309
 369807.604854 ,  306
 369807.605012 ,  109
 369807.605084 ,  313
 369807.605285 ,  317
 369807.605903 ,  318
 369807.606478 ,  304
 369807.606697 ,  304
 369807.606937 ,  310
 369807.607582 ,  300
 369807.607830 ,  110
 369807.608076 ,  300
 369807.608534 ,  307
 369807.608894 ,  310
 369807.609184 ,  299
 369807.609672 ,  300
 369807.609921 ,  299
 369807.610160 ,  299
 369807.610466 ,  301
 369807.611033 ,  292
 369807.611264 ,  289
 369807.612034 ,  113
 369807.612243 ,  297
 369807.612609 ,  107
 369807.612726 ,  280
 369807.613174 ,  291
 369807.613407 ,  293
 369807.613716 ,  294
 369807.614315 ,  280
 369807.614555 ,  280
 369807.615338 ,  293
 369807.615634 ,  284
 369807.615852 ,  280
 369807.616329 ,  285
 369807.616558 ,  289
 369807.616925 ,  293
 369807.617219 ,  283
 369807.617442 ,  279
 369807.617720 ,  282
 369807.617931 ,  280
 369807.618729 ,  145
 369807.618734 ,  301
 369807.619452 ,  296
 369807.619658 ,  296
 369807.620614 ,  292
 369807.621304 ,  304
 369807.621563 ,  306
 369807.621965 ,  306
 369807.622253 ,  293
 369807.622476 ,  289
 369807.622670 ,  294
 369807.622888 ,  305
 369807.623146 ,  311
 369807.623526 ,  311
 369807.623793 ,  299
 369807.624069 ,  298
 369807.624328 ,  296
 369807.624589 ,  296
 369807.624818 ,  296
 369807.625144 ,  300
 369807.625184 ,  122
 369807.625409 ,  293
 369807.625854 ,  296
 369807.625991 ,  138
 369807.626249 ,  314
 369807.626786 ,  105
 369807.626911 ,  324
 369807.627168 ,  309
 369807.627894 ,  313
 369807.628148 ,  315
 369807.628911 ,  297
 369807.629124 ,  297
 369807.629354 ,  304
 369807.629600 ,  307
 369807.629627 ,  143
 369807.629996 ,  308
 369807.630288 ,  295
 369807.630982 ,  296
 369807.631212 ,  301
 369807.632028 ,  296
 369807.632248 ,  303
 369807.632741 ,  312
 369807.633035 ,  115
 369807.633114 ,  312
 369807.633402 ,  300
 369807.633611 ,  295
 369807.634278 ,  311
 369807.634340 ,  126
 369807.634662 ,  318
 369807.635461 ,  300
 369807.636116 ,  305
 369807.636311 ,  134
 369807.636424 ,  291
 369807.637126 ,  292
 369807.637331 ,  294
 369807.637576 ,  302
 369807.637879 ,  49
 369807.638511 ,  285
 369807.638908 ,  272
 369807.639237 ,  261
 369807.639730 ,  254
 369807.640162 ,  240
 369807.641202 ,  141
 369807.641347 ,  219
 369807.641519 ,  90
 369807.642391 ,  196
 369807.642924 ,  195
 369807.643174 ,  197
 369807.643549 ,  197
 369807.644129 ,  185
 369807.644560 ,  190
 369807.644788 ,  194
 369807.645724 ,  194
 369807.645909 ,  67
 369807.646285 ,  176
 369807.647305 ,  174
 369807.647765 ,  166
 369807.647930 ,  171
 369807.648110 ,  182
 369807.648301 ,  191
 369807.648536 ,  199
 369807.649152 ,  209
 369807.649692 ,  196
 369807.650395 ,  204
 369807.650838 ,  204
 369807.651110 ,  194
 369807.651396 ,  193
 369807.651475 ,  69
 369807.651699 ,  191
 369807.652189 ,  86
 369807.652298 ,  187
 369807.652576 ,  183
 369807.653022 ,  182
 369807.653622 ,  168
 369807.653648 ,  133
 369807.654223 ,  178
 369807.655515 ,  185
 369807.656232 ,  190
 369807.656474 ,  190
 369807.656702 ,  191
 369807.657435 ,  185
 369807.657892 ,  186
 369807.658383 ,  187
 369807.659019 ,  192
 369807.659559 ,  180
 369807.659826 ,  184
 369807.660560 ,  186
 369807.660571 ,  123
 369807.660980 ,  186
 369807.661742 ,  181
 369807.662195 ,  186
 369807.662406 ,  186
 369807.662948 ,  196
 369807.663801 ,  188
 369807.664027 ,  186
 369807.664261 ,  189
 369807.664476 ,  191
 369807.664938 ,  195
 369807.665237 ,  185
 369807.665464 ,  183
 369807.666403 ,  188
 369807.666799 ,  195
 369807.668378 ,  188
 369807.669628 ,  191
 369807.669853 ,  195
 369807.670456 ,  203
 369807.670678 ,  195
 369807.671196 ,  80
 369807.671520 ,  144
 369807.671705 ,  202
 369807.671950 ,  202
 369807.672282 ,  203
 369807.672596 ,  198
 369807.672648 ,  133
 369807.673108 ,  192
 369807.673335 ,  195
 369807.673587 ,  198
 369807.674097 ,  198
 369807.674525 ,  187
 369807.674792 ,  179
 369807.675541 ,  180
 369807.675898 ,  182
 369807.676244 ,  176
 369807.676459 ,  171
 369807.676656 ,  175
 369807.677405 ,  183
 369807.677673 ,  78
 369807.677731 ,  181
 369807.678872 ,  192
 369807.680070 ,  183
 369807.680305 ,  183
 369807.680389 ,  91
 369807.680716 ,  191
 369807.681327 ,  198
 369807.681879 ,  185
 369807.682319 ,  197
 369807.682608 ,  198
 369807.683259 ,  195
 369807.683629 ,  188
 369807.683847 ,  182
 369807.684054 ,  186
 369807.684517 ,  88
 369807.684668 ,  132
 369807.684944 ,  190
 369807.686652 ,  185
 369807.687182 ,  174
 369807.687569 ,  186
 369807.687766 ,  192
 369807.688019 ,  199
 369807.688452 ,  199
 369807.688832 ,  190
 369807.689520 ,  108
 369807.690246 ,  189
 369807.690450 ,  180
 369807.690725 ,  185
 369807.691180 ,  187
 369807.691408 ,  189
 369807.691649 ,  192
 369807.692028 ,  193
 369807.692364 ,  186
 369807.692795 ,  185
 369807.693542 ,  191
 369807.693965 ,  191
 369807.693992 ,  140
 369807.694092 ,  117
 369807.694225 ,  183
 369807.694421 ,  183
 369807.694586 ,  190
 369807.694766 ,  203
 369807.695224 ,  213
 369807.695438 ,  219
 369807.695805 ,  224
 369807.695934 ,  74
 369807.696364 ,  210
 369807.696829 ,  220
 369807.697096 ,  220
 369807.697506 ,  220
 369807.697799 ,  210
 369807.697903 ,  132
 369807.697995 ,  207
 369807.698209 ,  215
 369807.698428 ,  220
 369807.698642 ,  224
 369807.699137 ,  229
 369807.699428 ,  216
 369807.699664 ,  213
 369807.700103 ,  223
 369807.700807 ,  226
 369807.701132 ,  214
 369807.701345 ,  209
 369807.701594 ,  213
 369807.702440 ,  216
 369807.702791 ,  210
 369807.702796 ,  90
 369807.703335 ,  204
 369807.703589 ,  202
 369807.704349 ,  93
 369807.704855 ,  200
 369807.705058 ,  208
 369807.705290 ,  214
 369807.705883 ,  222
 369807.706168 ,  213
 369807.706394 ,  211
 369807.706655 ,  214
 369807.707167 ,  217
 369807.707531 ,  215
 369807.707804 ,  208
 369807.708672 ,  96
 369807.709277 ,  208
 369807.709498 ,  204
 369807.709717 ,  207
 369807.710395 ,  230
 369807.710729 ,  226
 369807.711065 ,  220
 369807.711317 ,  214
 369807.711582 ,  214
 369807.711798 ,  214
 369807.712125 ,  219
 369807.712523 ,  214
 369807.713330 ,  202
 369807.713558 ,  203
 369807.713821 ,  206
 369807.714156 ,  206
 369807.714903 ,  203
 369807.715294 ,  89
 369807.716093 ,  210
 369807.716507 ,  222
 369807.716735 ,  229
 369807.716950 ,  232
 369807.717226 ,  78
 369807.717464 ,  237
 369807.718243 ,  221
 369807.718884 ,  221
 369807.719209 ,  213
 369807.719510 ,  208
 369807.719813 ,  205
 369807.720429 ,  203
 369807.720683 ,  162
 369807.720688 ,  196
 369807.720942 ,  196
 369807.721401 ,  197
 369807.721652 ,  201
 369807.721979 ,  201
 369807.722220 ,  196
 369807.722402 ,  197
 369807.722485 ,  145
 369807.722812 ,  211
 369807.723016 ,  219
 369807.723208 ,  226
 369807.723938 ,  228
 369807.724218 ,  220
 369807.724476 ,  218
 369807.724715 ,  218
 369807.724879 ,  150
 369807.725194 ,  90
 369807.725512 ,  223
 369807.725785 ,  208
 369807.725983 ,  207
 369807.726230 ,  214
 369807.726446 ,  215
 369807.727025 ,  225
 369807.727462 ,  221
 369807.728121 ,  232
 369807.728318 ,  240
 369807.728932 ,  240
 369807.729468 ,  237
 369807.729736 ,  239
 369807.730037 ,  238
 369807.730371 ,  234
 369807.730682 ,  228
 369807.730956 ,  224
 369807.731181 ,  223
 369807.731585 ,  226
 369807.731814 ,  78
 369807.731862 ,  216
 369807.732116 ,  215
 369807.732391 ,  215
 369807.733323 ,  223
 369807.733748 ,  211
 369807.734143 ,  230
 369807.734714 ,  239
 369807.734890 ,  75
 369807.735332 ,  230
 369807.735616 ,  224
 369807.736774 ,  213
 369807.737254 ,  218
 369807.737339 ,  69
 369807.737946 ,  217
 369807.738133 ,  207
 369807.738385 ,  216
 369807.738866 ,  216
 369807.738933 ,  169
 369807.739151 ,  219
 369807.739491 ,  217
 369807.739759 ,  211
 369807.740011 ,  210
 369807.740251 ,  210
 369807.740498 ,  211
 369807.740721 ,  212
 369807.741091 ,  216
 369807.741425 ,  208
 369807.741533 ,  121
 369807.741586 ,  167
 369807.741614 ,  224
 369807.741649 ,  450
 369807.741857 ,  87
 369807.741930 ,  155
 369807.741938 ,  203
 369807.742193 ,  191
 369807.742357 ,  166
 369807.742567 ,  202
 369807.742645 ,  167
 369807.742970 ,  165
 369807.743005 ,  221
 369807.743137 ,  161
 369807.743260 ,  220
 369807.743421 ,  166
 369807.743584 ,  126
 369807.743684 ,  228
 369807.743819 ,  127
 369807.744126 ,  173
 369807.744189 ,  113
 369807.744222 ,  143
 369807.744686 ,  166
 369807.744958 ,  167
 369807.745587 ,  242
 369807.745690 ,  126
 369807.745855 ,  242
 369807.745949 ,  105
 369807.746125 ,  154
 369807.746179 ,  241
 369807.746696 ,  235
 369807.747249 ,  229
 369807.747461 ,  232
 369807.747881 ,  118
 369807.747989 ,  238
 369807.748685 ,  232
 369807.749236 ,  219
 369807.749471 ,  221
 369807.749698 ,  223
 369807.749931 ,  226
 369807.750520 ,  225
 369807.750705 ,  222
 369807.751127 ,  232
 369807.751342 ,  247
 369807.751766 ,  252
 369807.752148 ,  165
 369807.752676 ,  229
 369807.753180 ,  232
 369807.753511 ,  231
 369807.753732 ,  225
 369807.753962 ,  229
 369807.754165 ,  232
 369807.754618 ,  242
 369807.754976 ,  246
 369807.755802 ,  233
 369807.756038 ,  233
 369807.756458 ,  235
 369807.756733 ,  224
 369807.757185 ,  226
 369807.757410 ,  230
 369807.757703 ,  234
 369807.758295 ,  224
 369807.758538 ,  225
 369807.758766 ,  226
 369807.758938 ,  229
 369807.759564 ,  245
 369807.759892 ,  235
 369807.760082 ,  229
 369807.760507 ,  249
 369807.760716 ,  251
 369807.761317 ,  257
 369807.761853 ,  245
 369807.761909 ,  130
 369807.762358 ,  248
 369807.762699 ,  248
 369807.763334 ,  231
 369807.764009 ,  240
 369807.764604 ,  235
 369807.764838 ,  238
 369807.765092 ,  240
 369807.765709 ,  243
 369807.765982 ,  233
 369807.766284 ,  232
 369807.766785 ,  228
 369807.767061 ,  229
 369807.767420 ,  228
 369807.767703 ,  221
 369807.767903 ,  219
 369807.767933 ,  156
 369807.768130 ,  226
 369807.768371 ,  229
 369807.768560 ,  230
 369807.768918 ,  240
 369807.769314 ,  232
 369807.769591 ,  222
 369807.769808 ,  221
 369807.770046 ,  226
 369807.770467 ,  228
 369807.770795 ,  218
 369807.771347 ,  210
 369807.771609 ,  210
 369807.771829 ,  210
 369807.772360 ,  208
 369807.772635 ,  216
 369807.772874 ,  215
 369807.773052 ,  217
 369807.773128 ,  86
 369807.773269 ,  228
 369807.773502 ,  233
 369807.773749 ,  116
 369807.774386 ,  225
 369807.774595 ,  225
 369807.774799 ,  231
 369807.775026 ,  238
 369807.775503 ,  241
 369807.775769 ,  228
 369807.775984 ,  228
 369807.776023 ,  160
 369807.776466 ,  233
 369807.777038 ,  231
 369807.777867 ,  229
 369807.778470 ,  225
 369807.778776 ,  175
 369807.779293 ,  216
 369807.779499 ,  134
 369807.779558 ,  216
 369807.779785 ,  216
 369807.780113 ,  219
 369807.780633 ,  128
 369807.780941 ,  209
 369807.781190 ,  211
 369807.781545 ,  209
 369807.781763 ,  203
 369807.783152 ,  215
 369807.783570 ,  218
 369807.783799 ,  93
 369807.783988 ,  222
 369807.784226 ,  229
 369807.784801 ,  236
 369807.785081 ,  228
 369807.785173 ,  97
 369807.786223 ,  224
 369807.786510 ,  218
 369807.786778 ,  216
 369807.787459 ,  224
 369807.787876 ,  225
 369807.788133 ,  215
 369807.788367 ,  215
 369807.788536 ,  217
 369807.788988 ,  232
 369807.789417 ,  237
 369807.789724 ,  224
 369807.789981 ,  220
 369807.790689 ,  223
 369807.790760 ,  91
 369807.791373 ,  215
 369807.791606 ,  219
 369807.791882 ,  129
 369807.792189 ,  156
 369807.792254 ,  232
 369807.792561 ,  236
 369807.792896 ,  232
 369807.793174 ,  226
 369807.793388 ,  224
 369807.793625 ,  229
 369807.793830 ,  231
 369807.794803 ,  228
 369807.795660 ,  224
 369807.795899 ,  217
 369807.796050 ,  95
 369807.796621 ,  225
 369807.797247 ,  225
 369807.797776 ,  215
 369807.798237 ,  218
 369807.798436 ,  222
 369807.799106 ,  219
 369807.799305 ,  222
 369807.799537 ,  230
 369807.800398 ,  238
 369807.800718 ,  228
 369807.801410 ,  227
 369807.801786 ,  232
 369807.802222 ,  227
 369807.802459 ,  233
 369807.802682 ,  235
 369807.803242 ,  245
 369807.803544 ,  237
 369807.803813 ,  233
 369807.804086 ,  232
 369807.804328 ,  231
 369807.804593 ,  232
 369807.804992 ,  232
 369807.805582 ,  219
 369807.805845 ,  216
 369807.806080 ,  216
 369807.806295 ,  218
 369807.806732 ,  223
 369807.806997 ,  165
 369807.807029 ,  212
 369807.807235 ,  87
 369807.807252 ,  209
 369807.807469 ,  88
 369807.808308 ,  217
 369807.808874 ,  206
 369807.809301 ,  214
 369807.809583 ,  217
 369807.809730 ,  96
 369807.809973 ,  215
 369807.810430 ,  205
 369807.810612 ,  217
 369807.810803 ,  227
 369807.811245 ,  241
 369807.811628 ,  244
 369807.812117 ,  235
 369807.812329 ,  238
 369807.812814 ,  246
 369807.813190 ,  246
 369807.814085 ,  258
 369807.815369 ,  247
 369807.815580 ,  242
 369807.816289 ,  260
 369807.816683 ,  258
 369807.816728 ,  146
 369807.817032 ,  247
 369807.817282 ,  239
 369807.817528 ,  138
 369807.817586 ,  239
 369807.818013 ,  242
 369807.818393 ,  246
 369807.818491 ,  139
 369807.818660 ,  237
 369807.818888 ,  236
 369807.819366 ,  243
 369807.819584 ,  243
 369807.819996 ,  248
 369807.820268 ,  237
 369807.820729 ,  238
 369807.821004 ,  242
 369807.821221 ,  241
 369807.821436 ,  246
 369807.821837 ,  249
 369807.822142 ,  239
 369807.822875 ,  238
 369807.823355 ,  238
 369807.824166 ,  218
 369807.824995 ,  231
 369807.825812 ,  215
 369807.826038 ,  220
 369807.826606 ,  225
 369807.827066 ,  219
 369807.827254 ,  227
 369807.827514 ,  237
 369807.827738 ,  237
 369807.828098 ,  241
 369807.828367 ,  233
 369807.828587 ,  232
 369807.829528 ,  82
 369807.829666 ,  243
 369807.830262 ,  227
 369807.830469 ,  227
 369807.830689 ,  233
 369807.830933 ,  237
 369807.831166 ,  238
 369807.831841 ,  229
 369807.832059 ,  230
 369807.832267 ,  235
 369807.832293 ,  120
 369807.832974 ,  237
 369807.833238 ,  227
 369807.833470 ,  227
 369807.834627 ,  230
 369807.834878 ,  221
 369807.835146 ,  221
 369807.835583 ,  226
 369807.836157 ,  234
 369807.836514 ,  226
 369807.836967 ,  219
 369807.837239 ,  228
 369807.837507 ,  227
 369807.837873 ,  225
 369807.838079 ,  217
 369807.838529 ,  224
 369807.838775 ,  231
 369807.839006 ,  232
 369807.839347 ,  135
 369807.840000 ,  219
 369807.840433 ,  231
 369807.840653 ,  238
 369807.840969 ,  243
 369807.841583 ,  231
 369807.842071 ,  233
 369807.842323 ,  233
 369807.842709 ,  233
 369807.842984 ,  224
 369807.844464 ,  239
 369807.844676 ,  240
 369807.844929 ,  246
 369807.845168 ,  246
 369807.845520 ,  248
 369807.845831 ,  239
 369807.846011 ,  234
 369807.846228 ,  246
 369807.846320 ,  161
 369807.846536 ,  251
 369807.846819 ,  246
 369807.847484 ,  136
 369807.847505 ,  232
 369807.848164 ,  248
 369807.849100 ,  239
 369807.849843 ,  236
 369807.850212 ,  240
 369807.850228 ,  121
 369807.850790 ,  227
 369807.851063 ,  227
 369807.851533 ,  228
 369807.851904 ,  231
 369807.852500 ,  217
 369807.852763 ,  217
 369807.853013 ,  217
 369807.853304 ,  217
 369807.854223 ,  222
 369807.854472 ,  229
 369807.854885 ,  83
 369807.854950 ,  230
 369807.855234 ,  218
 369807.855670 ,  221
 369807.855893 ,  225
 369807.856145 ,  229
 369807.856480 ,  229
 369807.856775 ,  223
 369807.857648 ,  241
 369807.858296 ,  246
 369807.858767 ,  234
 369807.859017 ,  239
 369807.859268 ,  239
 369807.859633 ,  239
 369807.859938 ,  231
 369807.860374 ,  230
 369807.860649 ,  236
 369807.861221 ,  235
 369807.861323 ,  146
 369807.861579 ,  173
 369807.861607 ,  229
 369807.861919 ,  99
 369807.862054 ,  224
 369807.862593 ,  121
 369807.863119 ,  229
 369807.863339 ,  230
 369807.863778 ,  140
 369807.864037 ,  241
 369807.864285 ,  242
 369807.864685 ,  243
 369807.864908 ,  233
 369807.865116 ,  237
 369807.865361 ,  243
 369807.865623 ,  244
 369807.866227 ,  251
 369807.866433 ,  241
 369807.867126 ,  255
 369807.867361 ,  258
 369807.867682 ,  260
 369807.868459 ,  81
 369807.869038 ,  246
 369807.869928 ,  239
 369807.870149 ,  239
 369807.870416 ,  243
 369807.871212 ,  233
 369807.871439 ,  223
 369807.872170 ,  228
 369807.872181 ,  154
 369807.872490 ,  230
 369807.872794 ,  225
 369807.872998 ,  221
 369807.873181 ,  228
 369807.873625 ,  243
 369807.873854 ,  246
 369807.874237 ,  249
 369807.874516 ,  239
 369807.874714 ,  237
 369807.874925 ,  245
 369807.875148 ,  251
 369807.875378 ,  255
 369807.875689 ,  258
 369807.876365 ,  244
 369807.876601 ,  239
 369807.876851 ,  241
 369807.877218 ,  241
 369807.878031 ,  227
 369807.878253 ,  229
 369807.878491 ,  233
 369807.879024 ,  95
 369807.879362 ,  226
 369807.879619 ,  230
 369807.879832 ,  230
 369807.880303 ,  238
 369807.880963 ,  231
 369807.881226 ,  229
 369807.881460 ,  229
 369807.881684 ,  231
 369807.881946 ,  235
 369807.882347 ,  235
 369807.882829 ,  224
 369807.883314 ,  231
 369807.883855 ,  234
 369807.884226 ,  230
 369807.884464 ,  222
 369807.884716 ,  224
 369807.884977 ,  224
 369807.885254 ,  224
 369807.886075 ,  216
 369807.886315 ,  222
 369807.886522 ,  224
 369807.887071 ,  117
 369807.887072 ,  170
 369807.887654 ,  160
 369807.887728 ,  218
 369807.887967 ,  223
 369807.888778 ,  231
 369807.889308 ,  221
 369807.889954 ,  233
 369807.890252 ,  237
 369807.890595 ,  234
 369807.890873 ,  227
 369807.891123 ,  225
 369807.891363 ,  225
 369807.891598 ,  227
 369807.891962 ,  229
 369807.892237 ,  221
 369807.892686 ,  225
 369807.892916 ,  227
 369807.893288 ,  230
 369807.893583 ,  222
 369807.893788 ,  219
 369807.893937 ,  90
 369807.893962 ,  225
 369807.894159 ,  237
 369807.894430 ,  245
 369807.894846 ,  244
 369807.895803 ,  242
 369807.895988 ,  246
 369807.896236 ,  257
 369807.896565 ,  258
 369807.896740 ,  95
 369807.897359 ,  248
 369807.897865 ,  250
 369807.898522 ,  244
 369807.898759 ,  241
 369807.899038 ,  243
 369807.899314 ,  241
 369807.899954 ,  241
 369807.900679 ,  238
 369807.900919 ,  237
 369807.901570 ,  237
 369807.902061 ,  228
 369807.902306 ,  231
 369807.902757 ,  236
 369807.903220 ,  239
 369807.903516 ,  227
 369807.903640 ,  126
 369807.903786 ,  224
 369807.904039 ,  223
 369807.904686 ,  220
 369807.905002 ,  213
 369807.905219 ,  209
 369807.905458 ,  213
 369807.905709 ,  215
 369807.905857 ,  173
 369807.905934 ,  215
 369807.906133 ,  174
 369807.906309 ,  218
 369807.906758 ,  210
 369807.906984 ,  220
 369807.907301 ,  169
 369807.908060 ,  230
 369807.908346 ,  222
 369807.908560 ,  220
 369807.908658 ,  120
 369807.908989 ,  229
 369807.909293 ,  235
 369807.909575 ,  230
 369807.910239 ,  240
 369807.910490 ,  241
 369807.911183 ,  251
 369807.911399 ,  236
 369807.911662 ,  241
 369807.911889 ,  241
 369807.912531 ,  246
 369807.912761 ,  236
 369807.913044 ,  239
 369807.913267 ,  91
 369807.913575 ,  237
 369807.913843 ,  235
 369807.914215 ,  234
 369807.914566 ,  226
 369807.915289 ,  223
 369807.915558 ,  93
 369807.915845 ,  224
 369807.916426 ,  215
 369807.916813 ,  222
 369807.917276 ,  237
 369807.917535 ,  166
 369807.917649 ,  235
 369807.917923 ,  227
 369807.919527 ,  228
 369807.919692 ,  91
 369807.919970 ,  156
 369807.920065 ,  226
 369807.920303 ,  226
 369807.920651 ,  228
 369807.920941 ,  221
 369807.921148 ,  218
 369807.922020 ,  243
 369807.922749 ,  93
 369807.922826 ,  241
 369807.923556 ,  247
 369807.923616 ,  138
 369807.924188 ,  241
 369807.924224 ,  160
 369807.924448 ,  242
 369807.924697 ,  242
 369807.925306 ,  246
 369807.925851 ,  230
 369807.926118 ,  235
 369807.926617 ,  234
 369807.927010 ,  235
 369807.927382 ,  226
 369807.928278 ,  234
 369807.928625 ,  234
 369807.929201 ,  222
 369807.929460 ,  223
 369807.929677 ,  223
 369807.930037 ,  112
 369807.930048 ,  228
 369807.930418 ,  220
 369807.930675 ,  212
 369807.930906 ,  212
 369807.931122 ,  215
 369807.931641 ,  223
 369807.931717 ,  100
 369807.932667 ,  221
 369807.933241 ,  227
 369807.933569 ,  220
 369807.934468 ,  224
 369807.935382 ,  218
 369807.935816 ,  229
 369807.936445 ,  233
 369807.936779 ,  225
 369807.937029 ,  219
 369807.937248 ,  219
 369807.937465 ,  223
 369807.937714 ,  228
 369807.938045 ,  229
 369807.938402 ,  223
 369807.938644 ,  216
 369807.938842 ,  217
 369807.939285 ,  234
 369807.939607 ,  234
 369807.939942 ,  229
 369807.940365 ,  227
 369807.940627 ,  235
 369807.940838 ,  235
 369807.941171 ,  241
 369807.941577 ,  233
 369807.941829 ,  223
 369807.942298 ,  228
 369807.942684 ,  144
 369807.942932 ,  229
 369807.942964 ,  99
 369807.943266 ,  220
 369807.943717 ,  167
 369807.943927 ,  102
 369807.943965 ,  224
 369807.945360 ,  169
 369807.946081 ,  232
 369807.946322 ,  225
 369807.946520 ,  226
 369807.946720 ,  234
 369807.947145 ,  248
 369807.947521 ,  253
 369807.948065 ,  245
 369807.948546 ,  243
 369807.948768 ,  245
 369807.949046 ,  249
 369807.950113 ,  245
 369807.950364 ,  245
 369807.950901 ,  245
 369807.951542 ,  153
 369807.951666 ,  232
 369807.952244 ,  229
 369807.953247 ,  232
 369807.953764 ,  234
 369807.954336 ,  224
 369807.954858 ,  229
 369807.955260 ,  229
 369807.955835 ,  216
 369807.957265 ,  221
 369807.957506 ,  231
 369807.957761 ,  149
 369807.957934 ,  237
 369807.958331 ,  241
 369807.959337 ,  232
 369807.959932 ,  237
 369807.960447 ,  227
 369807.960875 ,  236
 369807.961277 ,  247
 369807.961658 ,  257
 369807.961914 ,  247
 369807.962376 ,  248
 369807.962897 ,  253
 369807.963544 ,  241
 369807.963805 ,  242
 369807.964294 ,  242
 369807.964698 ,  245
 369807.964955 ,  235
 369807.965429 ,  236
 369807.965659 ,  239
 369807.965879 ,  242
 369807.966090 ,  247
 369807.966493 ,  253
 369807.966806 ,  242
 369807.967017 ,  237
 369807.967266 ,  243
 369807.967741 ,  246
 369807.968101 ,  248
 369807.968732 ,  123
 369807.969187 ,  238
 369807.969774 ,  240
 369807.970095 ,  232
 369807.970333 ,  227
 369807.970382 ,  87
 369807.970522 ,  229
 369807.971114 ,  243
 369807.971871 ,  234
 369807.972131 ,  237
 369807.972367 ,  237
 369807.972669 ,  239
 369807.973041 ,  235
 369807.973476 ,  230
 369807.974010 ,  232
 369807.974353 ,  233
 369807.974637 ,  226
 369807.974928 ,  224
 369807.975133 ,  221
 369807.975361 ,  227
 369807.975604 ,  230
 369807.975943 ,  96
 369807.975976 ,  231
 369807.976272 ,  223
 369807.976490 ,  220
 369807.977543 ,  172
 369807.977808 ,  129
 369807.978172 ,  247
 369807.978467 ,  249
 369807.978722 ,  245
 369807.979089 ,  245
 369807.979422 ,  237
 369807.979652 ,  231
 369807.979875 ,  234
 369807.980136 ,  238
 369807.980395 ,  238
 369807.980760 ,  238
 369807.981381 ,  221
 369807.981586 ,  223
 369807.981803 ,  230
 369807.982482 ,  235
 369807.982847 ,  224
 369807.983083 ,  216
 369807.983317 ,  218
 369807.983479 ,  95
 369807.983532 ,  220
 369807.984063 ,  225
 369807.984702 ,  215
 369807.985175 ,  217
 369807.985725 ,  221
 369807.985918 ,  215
 369807.986450 ,  221
 369807.986633 ,  222
 369807.986831 ,  232
 369807.987183 ,  240
 369807.987463 ,  233
 369807.987683 ,  231
 369807.987911 ,  235
 369807.988152 ,  238
 369807.988357 ,  239
 369807.989305 ,  232
 369807.989523 ,  234
 369807.990302 ,  247
 369807.990712 ,  240
 369807.991297 ,  227
 369807.992097 ,  231
 369807.993099 ,  232
 369807.993329 ,  232
 369807.993704 ,  233
 369807.994192 ,  142
 369807.994506 ,  218
 369807.994736 ,  225
 369807.994939 ,  228
 369807.995282 ,  235
 369807.995600 ,  228
 369807.995850 ,  223
 369807.996069 ,  223
 369807.996273 ,  227
 369807.996485 ,  234
 369807.996886 ,  240
 369807.997149 ,  230
 369807.997697 ,  228
 369807.997982 ,  227
 369807.998183 ,  225
 369807.998582 ,  232
 369807.999310 ,  222
 369807.999530 ,  231
 369807.999774 ,  235
 369808.000120 ,  236
 369808.000700 ,  222
 369808.000910 ,  225
 369808.001134 ,  231
 369808.001340 ,  235
 369808.001594 ,  240
 369808.001902 ,  240
 369808.002210 ,  236
 369808.002778 ,  229
 369808.003225 ,  231
 369808.003593 ,  234
 369808.003886 ,  226
 369808.004124 ,  223
 369808.004343 ,  225
 369808.004793 ,  100
 369808.004988 ,  229
 369808.005307 ,  220
 369808.005569 ,  215
 369808.005819 ,  215
 369808.006039 ,  140
 369808.006140 ,  95
 369808.006298 ,  218
 369808.006734 ,  218
 369808.007364 ,  220
 369808.007794 ,  229
 369808.008032 ,  236
 369808.008748 ,  230
 369808.009036 ,  223
 369808.009755 ,  219
 369808.010009 ,  171
 369808.010024 ,  209
 369808.010452 ,  211
 369808.011237 ,  223
 369808.011491 ,  218
 369808.011761 ,  218
 369808.012424 ,  229
 369808.012633 ,  230
 369808.012970 ,  236
 369808.013232 ,  230
 369808.013873 ,  242
 369808.014131 ,  246
 369808.014914 ,  231
 369808.015150 ,  230
 369808.015381 ,  232
 369808.015971 ,  235
 369808.016286 ,  229
 369808.017007 ,  231
 369808.017543 ,  135
 369808.017564 ,  234
 369808.018111 ,  227
 369808.018332 ,  225
 369808.018560 ,  229
 369808.018878 ,  232
 369808.019277 ,  227
 369808.019502 ,  218
 369808.019700 ,  221
 369808.020146 ,  235
 369808.020410 ,  237
 369808.020816 ,  237
 369808.021295 ,  227
 369808.021801 ,  233
 369808.022443 ,  231
 369808.022690 ,  222
 369808.022869 ,  223
 369808.023261 ,  242
 369808.023492 ,  252
 369808.024917 ,  240
 369808.024943 ,  89
 369808.025173 ,  244
 369808.025524 ,  244
 369808.025921 ,  237
 369808.026129 ,  227
 369808.026350 ,  233
 369808.026558 ,  237
 369808.026803 ,  243
 369808.027099 ,  244
 369808.027493 ,  240
 369808.027790 ,  230
 369808.028281 ,  233
 369808.028929 ,  224
 369808.029783 ,  220
 369808.030064 ,  215
 369808.030801 ,  201
 369808.031001 ,  205
 369808.031376 ,  223
 369808.031596 ,  231
 369808.032028 ,  235
 369808.032341 ,  224
 369808.032575 ,  220
 369808.032994 ,  232
 369808.033252 ,  235
 369808.033548 ,  136
 369808.033555 ,  232
 369808.033861 ,  228
 369808.034103 ,  224
 369808.034533 ,  234
 369808.034843 ,  95
 369808.035615 ,  229
 369808.035842 ,  232
 369808.036039 ,  90
 369808.036112 ,  235
 369808.036338 ,  234
 369808.036600 ,  94
 369808.036915 ,  112
 369808.036944 ,  228
 369808.037168 ,  231
 369808.037353 ,  235
 369808.038225 ,  253
 369808.038939 ,  247
 369808.039182 ,  250
 369808.039459 ,  251
 369808.039782 ,  249
 369808.040127 ,  168
 369808.040313 ,  240
 369808.040799 ,  243
 369808.041049 ,  243
 369808.041466 ,  243
 369808.041758 ,  232
 369808.041959 ,  229
 369808.042214 ,  236
 369808.042616 ,  249
 369808.043155 ,  262
 369808.043430 ,  254
 369808.043682 ,  252
 369808.044238 ,  250
 369808.044449 ,  248
 369808.044770 ,  254
 369808.045071 ,  248
 369808.045395 ,  244
 369808.045655 ,  238
 369808.046196 ,  243
 369808.046290 ,  119
 369808.046579 ,  238
 369808.047274 ,  235
 369808.047305 ,  87
 369808.047328 ,  162
 369808.047975 ,  235
 369808.048167 ,  225
 369808.048405 ,  234
 369808.048668 ,  236
 369808.048936 ,  154
 369808.049132 ,  238
 369808.049682 ,  248
 369808.050245 ,  242
 369808.050513 ,  236
 369808.050754 ,  235
 369808.051116 ,  237
 369808.051364 ,  229
 369808.051629 ,  230
 369808.051869 ,  230
 369808.052039 ,  232
 369808.052574 ,  249
 369808.052851 ,  244
 369808.053093 ,  242
 369808.053583 ,  244
 369808.053823 ,  244
 369808.054244 ,  246
 369808.054541 ,  235
 369808.054754 ,  232
 369808.055629 ,  239
 369808.056158 ,  227
 369808.056347 ,  230
 369808.056572 ,  240
 369808.057135 ,  251
 369808.057218 ,  101
 369808.057447 ,  243
 369808.057687 ,  237
 369808.058430 ,  242
 369808.059301 ,  236
 369808.059514 ,  237
 369808.059737 ,  243
 369808.059964 ,  247
 369808.060272 ,  251
 369808.060563 ,  246
 369808.061310 ,  91
 369808.061322 ,  241
 369808.061569 ,  245
 369808.062251 ,  233
 369808.062303 ,  89
 369808.062715 ,  241
 369808.063280 ,  246
 369808.063792 ,  240
 369808.064104 ,  93
 369808.064279 ,  244
 369808.064884 ,  242
 369808.065453 ,  231
 369808.065767 ,  231
 369808.065988 ,  226
 369808.066226 ,  230
 369808.066848 ,  128
 369808.066959 ,  236
 369808.067186 ,  241
 369808.067951 ,  252
 369808.068802 ,  238
 369808.069731 ,  239
 369808.070208 ,  173
 369808.070278 ,  226
 369808.070487 ,  226
 369808.070965 ,  234
 369808.071373 ,  97
 369808.071562 ,  228
 369808.071776 ,  229
 369808.072330 ,  251
 369808.072531 ,  269
 369808.072756 ,  88
 369808.072900 ,  278
 369808.073184 ,  268
 369808.073403 ,  265
 369808.073645 ,  268
 369808.073942 ,  269
 369808.074303 ,  265
 369808.074676 ,  256
 369808.074944 ,  247
 369808.075161 ,  246
 369808.075595 ,  87
 369808.075687 ,  251
 369808.076026 ,  251
 369808.076338 ,  244
 369808.077008 ,  252
 369808.077344 ,  252
 369808.077678 ,  243
 369808.077902 ,  237
 369808.078153 ,  241
 369808.078619 ,  241
 369808.079025 ,  247
 369808.079312 ,  236
 369808.079983 ,  239
 369808.080232 ,  245
 369808.080542 ,  245
 369808.080844 ,  240
 369808.081290 ,  237
 369808.081538 ,  244
 369808.082089 ,  250
 369808.082369 ,  244
 369808.082626 ,  242
 369808.082836 ,  242
 369808.083084 ,  248
 369808.083290 ,  249
 369808.083600 ,  256
 369808.083876 ,  251
 369808.084306 ,  249
 369808.085017 ,  133
 369808.085198 ,  275
 369808.085590 ,  258
 369808.085767 ,  248
 369808.085878 ,  151
 369808.086212 ,  273
 369808.086852 ,  275
 369808.087420 ,  257
 369808.087909 ,  262
 369808.088560 ,  260
 369808.088771 ,  250
 369808.088981 ,  256
 369808.089241 ,  263
 369808.089745 ,  264
 369808.090154 ,  263
 369808.090394 ,  251
 369808.090829 ,  259
 369808.091079 ,  82
 369808.091435 ,  266
 369808.092319 ,  245
 369808.092623 ,  84
 369808.093010 ,  245
 369808.093230 ,  234
 369808.093350 ,  183
 369808.094607 ,  248
 369808.095071 ,  244
 369808.095310 ,  244
 369808.095574 ,  246
 369808.095842 ,  246
 369808.096490 ,  234
 369808.097282 ,  235
 369808.097639 ,  234
 369808.098089 ,  231
 369808.098334 ,  234
 369808.099639 ,  249
 369808.099900 ,  243
 369808.100125 ,  243
 369808.100401 ,  247
 369808.101147 ,  231
 369808.101841 ,  240
 369808.102860 ,  237
 369808.103088 ,  242
 369808.104892 ,  247
 369808.105110 ,  247
 369808.105461 ,  252
 369808.105716 ,  244
 369808.105931 ,  244
 369808.106859 ,  248
 369808.107312 ,  237
 369808.107523 ,  248
 369808.107732 ,  254
 369808.107955 ,  261
 369808.108286 ,  265
 369808.108426 ,  184
 369808.108678 ,  258
 369808.108749 ,  176
 369808.109616 ,  256
 369808.109857 ,  88
 369808.110184 ,  85
 369808.110226 ,  249
 369808.110480 ,  248
 369808.110960 ,  249
 369808.111204 ,  252
 369808.111817 ,  245
 369808.112027 ,  171
 369808.112052 ,  245
 369808.112526 ,  254
 369808.112767 ,  253
 369808.113614 ,  249
 369808.113777 ,  1
 369808.113937 ,  250
 369808.114229 ,  244
 369808.115107 ,  227
 369808.115372 ,  219
 369808.115675 ,  219
 369808.116119 ,  215
 369808.116704 ,  199
 369808.116951 ,  200
 369808.117163 ,  201
 369808.117547 ,  84
 369808.117813 ,  208
 369808.118165 ,  198
 369808.118427 ,  192
 369808.118539 ,  182
 369808.118949 ,  192
 369808.119221 ,  192
 369808.119939 ,  182
 369808.120153 ,  181
 369808.120350 ,  185
 369808.120581 ,  192
 369808.120645 ,  67
 369808.121252 ,  192
 369808.121607 ,  183
 369808.121828 ,  177
 369808.122979 ,  183
 369808.123331 ,  175
 369808.123586 ,  170
 369808.124027 ,  177
 369808.124875 ,  87
 369808.125100 ,  174
 369808.125293 ,  167
 369808.125587 ,  173
 369808.125722 ,  167
 369808.125767 ,  171
 369808.125993 ,  180
 369808.126369 ,  183
 369808.126817 ,  177
 369808.127078 ,  168
 369808.128398 ,  167
 369808.128694 ,  170
 369808.128900 ,  168
 369808.129123 ,  173
 369808.129346 ,  176
 369808.129750 ,  177
 369808.130262 ,  168
 369808.130720 ,  174
 369808.130728 ,  183
 369808.130986 ,  177
 369808.131344 ,  177
 369808.131370 ,  81
 369808.131677 ,  172
 369808.132491 ,  167
 369808.133586 ,  162
 369808.134419 ,  180
 369808.135674 ,  178
 369808.135878 ,  178
 369808.136215 ,  183
 369808.136756 ,  176
 369808.136977 ,  177
 369808.137211 ,  180
 369808.137495 ,  182
 369808.137863 ,  181
 369808.138128 ,  113
 369808.138202 ,  175
 369808.138749 ,  172
 369808.139022 ,  169
 369808.139518 ,  168
 369808.139992 ,  159
 369808.140123 ,  178
 369808.141021 ,  176
 369808.141073 ,  177
 369808.141766 ,  169
 369808.142058 ,  170
 369808.142597 ,  166
 369808.143000 ,  166
 369808.143289 ,  159
 369808.143503 ,  158
 369808.144005 ,  108
 369808.144018 ,  163
 369808.144449 ,  163
 369808.145642 ,  160
 369808.145837 ,  164
 369808.146760 ,  162
 369808.147350 ,  175
 369808.147754 ,  180
 369808.148053 ,  173
 369808.148836 ,  171
 369808.150204 ,  171
 369808.150409 ,  178
 369808.150627 ,  183
 369808.150842 ,  187
 369808.151256 ,  191
 369808.151475 ,  183
 369808.151710 ,  187
 369808.151911 ,  200
 369808.151933 ,  189
 369808.152539 ,  198
 369808.153066 ,  191
 369808.153890 ,  100
 369808.154117 ,  195
 369808.154431 ,  190
 369808.154642 ,  186
 369808.154850 ,  191
 369808.155068 ,  196
 369808.155355 ,  200
 369808.155689 ,  198
 369808.156687 ,  195
 369808.157051 ,  199
 369808.157339 ,  192
 369808.157746 ,  197
 369808.157951 ,  201
 369808.158115 ,  207
 369808.158315 ,  221
 369808.158670 ,  228
 369808.158984 ,  221
 369808.159275 ,  217
 369808.159529 ,  214
 369808.159970 ,  219
 369808.160365 ,  222
 369808.160655 ,  213
 369808.161615 ,  209
 369808.161861 ,  200
 369808.162099 ,  201
 369808.162382 ,  203
 369808.162860 ,  201
 369808.163216 ,  205
 369808.164250 ,  196
 369808.164505 ,  202
 369808.164959 ,  202
 369808.165526 ,  186
 369808.165750 ,  191
 369808.166221 ,  197
 369808.166564 ,  195
 369808.166590 ,  198
 369808.166827 ,  191
 369808.167252 ,  193
 369808.167464 ,  204
 369808.167720 ,  209
 369808.168114 ,  86
 369808.168854 ,  206
 369808.169523 ,  203
 369808.169561 ,  196
 369808.169820 ,  194
 369808.170331 ,  196
 369808.170557 ,  193
 369808.170789 ,  196
 369808.171154 ,  198
 369808.171915 ,  189
 369808.172557 ,  196
 369808.173202 ,  195
 369808.173421 ,  204
 369808.173635 ,  206
 369808.174146 ,  217
 369808.174564 ,  213
 369808.174816 ,  204
 369808.175469 ,  213
 369808.175852 ,  216
 369808.176167 ,  208
 369808.176433 ,  204
 369808.176962 ,  167
 369808.176982 ,  82
 369808.177701 ,  193
 369808.178190 ,  191
 369808.179111 ,  185
 369808.179336 ,  186
 369808.179544 ,  189
 369808.180432 ,  202
 369808.181148 ,  197
 369808.181352 ,  200
 369808.181863 ,  210
 369808.182222 ,  207
 369808.182730 ,  200
 369808.183042 ,  201
 369808.183426 ,  197
 369808.183639 ,  190
 369808.183887 ,  194
 369808.184409 ,  194
 369808.185323 ,  185
 369808.185714 ,  196
 369808.185929 ,  202
 369808.186536 ,  201
 369808.186844 ,  199
 369808.187350 ,  198
 369808.187758 ,  197
 369808.188133 ,  189
 369808.188916 ,  182
 369808.189276 ,  182
 369808.189527 ,  176
 369808.189548 ,  194
 369808.189741 ,  176
 369808.190159 ,  187
 369808.190712 ,  197
 369808.191818 ,  187
 369808.192172 ,  187
 369808.192779 ,  194
 369808.192998 ,  199
 369808.193195 ,  206
 369808.193545 ,  208
 369808.193795 ,  202
 369808.194069 ,  202
 369808.194358 ,  201
 369808.194623 ,  199
 369808.195061 ,  199
 369808.195354 ,  190
 369808.195647 ,  188
 369808.196229 ,  201
 369808.196593 ,  209
 369808.196940 ,  202
 369808.197202 ,  196
 369808.197690 ,  197
 369808.198107 ,  197
 369808.198835 ,  189
 369808.199046 ,  193
 369808.199278 ,  198
 369808.199579 ,  200
 369808.199597 ,  76
 369808.199916 ,  197
 369808.200163 ,  192
 369808.200617 ,  194
 369808.201137 ,  204
 369808.201486 ,  201
 369808.201992 ,  194
 369808.202221 ,  195
 369808.202850 ,  206
 369808.203322 ,  196
 369808.203502 ,  200
 369808.203887 ,  218
 369808.204230 ,  226
 369808.204806 ,  213
 369808.205064 ,  217
 369808.205698 ,  219
 369808.206087 ,  210
 369808.206313 ,  202
 369808.206753 ,  208
 369808.207112 ,  212
 369808.207832 ,  207
 369808.208709 ,  202
 369808.208936 ,  203
 369808.209193 ,  206
 369808.209417 ,  206
 369808.210251 ,  204
 369808.210646 ,  196
 369808.210875 ,  207
 369808.210976 ,  187
 369808.211609 ,  80
 369808.211972 ,  206
 369808.212582 ,  70
 369808.212697 ,  210
 369808.213068 ,  210
 369808.213391 ,  203
 369808.213689 ,  197
 369808.214276 ,  191
 369808.214625 ,  189
 369808.215072 ,  187
 369808.215710 ,  200
 369808.216359 ,  197
 369808.216878 ,  201
 369808.217106 ,  197
 369808.217518 ,  82
 369808.217529 ,  200
 369808.217751 ,  191
 369808.217947 ,  194
 369808.218805 ,  221
 369808.219420 ,  214
 369808.219873 ,  218
 369808.220158 ,  221
 369808.220500 ,  219
 369808.220800 ,  213
 369808.221053 ,  210
 369808.221254 ,  180
 369808.221311 ,  210
 369808.221523 ,  210
 369808.221868 ,  215
 369808.222395 ,  203
 369808.222899 ,  212
 369808.223161 ,  212
 369808.224052 ,  204
 369808.224313 ,  205
 369808.226047 ,  195
 369808.226335 ,  197
 369808.226890 ,  191
 369808.227078 ,  193
 369808.227378 ,  201
 369808.227692 ,  198
 369808.228235 ,  201
 369808.228941 ,  201
 369808.229516 ,  200
 369808.229768 ,  198
 369808.230578 ,  200
 369808.230894 ,  197
 369808.231100 ,  193
 369808.231324 ,  199
 369808.231555 ,  202
 369808.231796 ,  204
 369808.232185 ,  198
 369808.232251 ,  180
 369808.232484 ,  195
 369808.232688 ,  196
 369808.232903 ,  202
 369808.233130 ,  206
 369808.233351 ,  209
 369808.233757 ,  211
 369808.234534 ,  153
 369808.234828 ,  203
 369808.235189 ,  199
 369808.235437 ,  193
 369808.235672 ,  194
 369808.236914 ,  206
 369808.237130 ,  205
 369808.237331 ,  209
 369808.237578 ,  215
 369808.237793 ,  216
 369808.238146 ,  221
 369808.238388 ,  214
 369808.238616 ,  215
 369808.239066 ,  226
 369808.239287 ,  226
 369808.239714 ,  230
 369808.240450 ,  144
 369808.241010 ,  205
 369808.241331 ,  201
 369808.241605 ,  197
 369808.241824 ,  196
 369808.242082 ,  200
 369808.242430 ,  200
 369808.242662 ,  194
 369808.242878 ,  196
 369808.243315 ,  72
 369808.243349 ,  205
 369808.243555 ,  205
 369808.243901 ,  211
 369808.244245 ,  205
 369808.244484 ,  199
 369808.244730 ,  200
 369808.244968 ,  201
 369808.245461 ,  209
 369808.245552 ,  88
 369808.245791 ,  206
 369808.246086 ,  201
 369808.246405 ,  151
 369808.246498 ,  206
 369808.246990 ,  198
 369808.247051 ,  175
 369808.247325 ,  190
 369808.247535 ,  185
 369808.247782 ,  190
 369808.247966 ,  191
 369808.248719 ,  208
 369808.248942 ,  179
 369808.249185 ,  204
 369808.249597 ,  213
 369808.249631 ,  80
 369808.250151 ,  229
 369808.250466 ,  221
 369808.250900 ,  220
 369808.251183 ,  226
 369808.251442 ,  224
 369808.251815 ,  224
 369808.252543 ,  218
 369808.252796 ,  220
 369808.253177 ,  220
 369808.253427 ,  78
 369808.253480 ,  212
 369808.253721 ,  209
 369808.253949 ,  210
 369808.254159 ,  213
 369808.255322 ,  216
 369808.255564 ,  217
 369808.256205 ,  218
 369808.256620 ,  156
 369808.257073 ,  203
 369808.257334 ,  203
 369808.257711 ,  203
 369808.257924 ,  196
 369808.259210 ,  208
 369808.259345 ,  162
 369808.259486 ,  203
 369808.259741 ,  202
 369808.260182 ,  208
 369808.260449 ,  210
 369808.260804 ,  210
 369808.261053 ,  203
 369808.261291 ,  203
 369808.261527 ,  205
 369808.261987 ,  210
 369808.262177 ,  170
 369808.262464 ,  212
 369808.262674 ,  201
 369808.263131 ,  211
 369808.263721 ,  215
 369808.263981 ,  208
 369808.264273 ,  208
 369808.264809 ,  206
 369808.265391 ,  206
 369808.266052 ,  209
 369808.266269 ,  212
 369808.266477 ,  216
 369808.266799 ,  222
 369808.267140 ,  217
 369808.267394 ,  211
 369808.267931 ,  211
 369808.268276 ,  210
 369808.268622 ,  204
 369808.268836 ,  198
 369808.269062 ,  202
 369808.269251 ,  205
 369808.269469 ,  214
 369808.269971 ,  217
 369808.270498 ,  204
 369808.270719 ,  204
 369808.271287 ,  214
 369808.271782 ,  210
 369808.272666 ,  212
 369808.273476 ,  199
 369808.273714 ,  204
 369808.274606 ,  202
 369808.274873 ,  198
 369808.275130 ,  198
 369808.275713 ,  191
 369808.276014 ,  197
 369808.276500 ,  194
 369808.276735 ,  196
 369808.277083 ,  198
 369808.277689 ,  185
 369808.277884 ,  187
 369808.278335 ,  194
 369808.278648 ,  201
 369808.278977 ,  197
 369808.279211 ,  192
 369808.279415 ,  194
 369808.279605 ,  200
 369808.280135 ,  211
 369808.280368 ,  208
 369808.280832 ,  210
 369808.281482 ,  229
 369808.281926 ,  230
 369808.282245 ,  219
 369808.282776 ,  212
 369808.283073 ,  89
 369808.283113 ,  212
 369808.283419 ,  206
 369808.283904 ,  204
 369808.284112 ,  206
 369808.284498 ,  212
 369808.284664 ,  94
 369808.284893 ,  204
 369808.285356 ,  200
 369808.285841 ,  200
 369808.286176 ,  202
 369808.286463 ,  197
 369808.286914 ,  202
 369808.286946 ,  193
 369808.287636 ,  211
 369808.287888 ,  209
 369808.288153 ,  209
 369808.289145 ,  227
 369808.289969 ,  217
 369808.290218 ,  216
 369808.290610 ,  217
 369808.290913 ,  208
 369808.291251 ,  205
 369808.291790 ,  200
 369808.292366 ,  81
 369808.292652 ,  194
 369808.292843 ,  200
 369808.293602 ,  214
 369808.293894 ,  209
 369808.294091 ,  206
 369808.294539 ,  222
 369808.294926 ,  222
 369808.295227 ,  213
 369808.295481 ,  210
 369808.295778 ,  210
 369808.296017 ,  207
 369808.296344 ,  209
 369808.296844 ,  205
 369808.297071 ,  205
 369808.297274 ,  208
 369808.297514 ,  214
 369808.297850 ,  216
 369808.298205 ,  83
 369808.298638 ,  208
 369808.299127 ,  212
 369808.299643 ,  213
 369808.299910 ,  201
 369808.300334 ,  213
 369808.300837 ,  217
 369808.301140 ,  215
 369808.301606 ,  217
 369808.301861 ,  217
 369808.302055 ,  217
 369808.302375 ,  225
 369808.302667 ,  220
 369808.302899 ,  217
 369808.303132 ,  220
 369808.303629 ,  223
 369808.304044 ,  224
 369808.304196 ,  198
 369808.304228 ,  88
 369808.304539 ,  216
 369808.305400 ,  218
 369808.305649 ,  211
 369808.305877 ,  211
 369808.306148 ,  214
 369808.306996 ,  212
 369808.307238 ,  212
 369808.307440 ,  213
 369808.308808 ,  214
 369808.309076 ,  216
 369808.309592 ,  217
 369808.309899 ,  214
 369808.310363 ,  210
 369808.310570 ,  216
 369808.310763 ,  222
 369808.311422 ,  223
 369808.311672 ,  221
 369808.312120 ,  225
 369808.312467 ,  228
 369808.313020 ,  217
 369808.313533 ,  219
 369808.314256 ,  211
 369808.314503 ,  204
 369808.314717 ,  205
 369808.315119 ,  214
 369808.315422 ,  225
 369808.315800 ,  221
 369808.316320 ,  212
 369808.316568 ,  213
 369808.316893 ,  214
 369808.317198 ,  209
 369808.317607 ,  211
 369808.317829 ,  217
 369808.318091 ,  221
 369808.318386 ,  221
 369808.318726 ,  218
 369808.319228 ,  213
 369808.319499 ,  213
 369808.319814 ,  212
 369808.320366 ,  204
 369808.320575 ,  206
 369808.320841 ,  211
 369808.321764 ,  206
 369808.322469 ,  211
 369808.322819 ,  211
 369808.323330 ,  203
 369808.323533 ,  206
 369808.323788 ,  212
 369808.323868 ,  82
 369808.324856 ,  208
 369808.325136 ,  213
 369808.325430 ,  211
 369808.325719 ,  208
 369808.326246 ,  203
 369808.326664 ,  211
 369808.326858 ,  217
 369808.327165 ,  225
 369808.327868 ,  226
 369808.328127 ,  231
 369808.328363 ,  231
 369808.328665 ,  91
 369808.329330 ,  221
 369808.329573 ,  160
 369808.329773 ,  228
 369808.330091 ,  232
 369808.330782 ,  94
 369808.331019 ,  94
 369808.331073 ,  235
 369808.331417 ,  236
 369808.331660 ,  187
 369808.331708 ,  229
 369808.332142 ,  235
 369808.332778 ,  239
 369808.333329 ,  226
 369808.334500 ,  217
 369808.334732 ,  216
 369808.334927 ,  218
 369808.335126 ,  226
 369808.335530 ,  234
 369808.335990 ,  229
 369808.336218 ,  230
 369808.336655 ,  240
 369808.337374 ,  233
 369808.337644 ,  225
 369808.337913 ,  224
 369808.337981 ,  78
 369808.338116 ,  223
 369808.338508 ,  230
 369808.338642 ,  209
 369808.338985 ,  221
 369808.339287 ,  225
 369808.339548 ,  221
 369808.339868 ,  221
 369808.340154 ,  216
 369808.340400 ,  214
 369808.340664 ,  215
 369808.340896 ,  215
 369808.341286 ,  217
 369808.342155 ,  221
 369808.342347 ,  228
 369808.342775 ,  237
 369808.343060 ,  226
 369808.344187 ,  221
 369808.344773 ,  211
 369808.345316 ,  213
 369808.345975 ,  204
 369808.346206 ,  201
 369808.346462 ,  203
 369808.346712 ,  203
 369808.347268 ,  204
 369808.347791 ,  197
 369808.348035 ,  201
 369808.348578 ,  204
 369808.348650 ,  167
 369808.349071 ,  201
 369808.349615 ,  202
 369808.350026 ,  200
 369808.350357 ,  191
 369808.350557 ,  186
 369808.350786 ,  192
 369808.351203 ,  204
 369808.351560 ,  206
 369808.351824 ,  200
 369808.352314 ,  202
 369808.352761 ,  202
 369808.353084 ,  210
 369808.353399 ,  205
 369808.353650 ,  200
 369808.353851 ,  200
 369808.354061 ,  206
 369808.354402 ,  211
 369808.355146 ,  210
 369808.355360 ,  210
 369808.355591 ,  215
 369808.355830 ,  88
 369808.355898 ,  218
 369808.356082 ,  85
 369808.356165 ,  214
 369808.356601 ,  222
 369808.356806 ,  224
 369808.357025 ,  231
 369808.357757 ,  222
 369808.358202 ,  226
 369808.358800 ,  228
 369808.359095 ,  223
 369808.359319 ,  220
 369808.359547 ,  224
 369808.359767 ,  227
 369808.360356 ,  234
 369808.360630 ,  226
 369808.361109 ,  226
 369808.361560 ,  165
 369808.361750 ,  227
 369808.362185 ,  220
 369808.362416 ,  227
 369808.362894 ,  234
 369808.363252 ,  234
 369808.363529 ,  226
 369808.365199 ,  91
 369808.365316 ,  87
 369808.365376 ,  82
 369808.365377 ,  203
 369808.365535 ,  108
 369808.365713 ,  111
 369808.365931 ,  85
 369808.366506 ,  119
 369808.366790 ,  79
 369808.367186 ,  190
 369808.368164 ,  169
 369808.368432 ,  117
 369808.368658 ,  80
 369808.369104 ,  114
 369808.369115 ,  84
 369808.369338 ,  147
 369808.369472 ,  117
 369808.370120 ,  105
 369808.370508 ,  104
 369808.371075 ,  129
 369808.371720 ,  121
 369808.371835 ,  108
 369808.372102 ,  96
 369808.372172 ,  106
 369808.373481 ,  115
 369808.373751 ,  113
 369808.373788 ,  89
 369808.373892 ,  84
 369808.373899 ,  89
 369808.375007 ,  95
 369808.375166 ,  112
 369808.375904 ,  91
 369808.376055 ,  85
 369808.376728 ,  81
 369808.376912 ,  85
 369808.377401 ,  95
 369808.377803 ,  90
 369808.377892 ,  110
 369808.381229 ,  85
 369808.381562 ,  93
 369808.381681 ,  371
 369808.387830 ,  77
